radiacao_w_m2,data_hora,Linear Regression,Tree,Random Forest,Fold,temperatura_c,umidade_pct,nuvens_pct,vento_kmh,hora
continuous,string,continuous,continuous,continuous,1 2 3 4 5,continuous,continuous,continuous,continuous,continuous
class,meta,meta,meta,meta,meta,,,,,
225.0,2025-04-01T17:00,625.237,183,181.708,1,34.0,32,16,15.9,17
373.0,2025-04-03T08:00,447.102,335,365.178,1,25.7,62,16,13.1,8
808.0,2025-04-03T10:00,727.822,732,751.373,1,30.5,43,25,13.0,10
877.0,2025-04-03T14:00,877.911,833.75,779.211,1,35.2,27,3,11.9,14
717.0,2025-04-03T15:00,843.586,633,666.854,1,35.3,25,4,13.3,15
950.0,2025-04-04T13:00,839.683,865,871.035,1,34.6,28,78,9.2,13
123.0,2025-04-05T07:00,406.282,119.333,113.528,1,25.3,69,98,11.4,7
205.0,2025-04-05T17:00,569.323,231,208.103,1,34.2,29,99,9.9,17
123.0,2025-04-06T07:00,456.588,115.25,144.382,1,24.9,63,3,13.7,7
911.0,2025-04-06T11:00,908.231,855.333,843.775,1,32.9,35,22,18.4,11
931.0,2025-04-06T12:00,948.487,931.5,880.907,1,34.3,32,20,17.1,12
661.0,2025-04-06T15:00,788.278,692,615.732,1,34.6,32,25,16.8,15
124.0,2025-04-07T07:00,387.266,119.5,120.039,1,24.0,67,1,14.6,7
366.0,2025-04-07T08:00,494.226,320,337.982,1,25.8,60,91,21.3,8
731.0,2025-04-07T11:00,709.693,661.5,698.036,1,30.9,39,93,16.4,11
840.0,2025-04-07T13:00,791.52,896.333,864.109,1,33.5,30,76,13.7,13
211.0,2025-04-07T17:00,611.07,231,199.938,1,34.1,24,73,12.5,17
322.0,2025-04-08T08:00,473.461,297,335.912,1,25.8,65,62,19.4,8
455.0,2025-04-08T16:00,676.853,404.5,429.436,1,34.1,29,5,12.1,16
124.0,2025-04-09T07:00,402.714,115.25,120.153,1,24.7,72,1,12.6,7
632.0,2025-04-09T15:00,737.805,612.333,621.272,1,34.8,31,45,9.1,15
599.0,2025-04-10T09:00,631.649,594.5,620.188,1,29.0,53,0,9.8,9
656.0,2025-04-10T15:00,704.64,597,621.272,1,34.7,33,8,4.7,15
90.0,2025-04-11T07:00,453.885,119.333,141.78,1,26.0,70,62,9.8,7
153.0,2025-04-11T17:00,-20.6746,206.5,90.0556,1,27.1,67,100,15.3,17
796.0,2025-04-13T11:00,433.235,528.25,589.392,1,28.7,63,100,12.0,11
912.0,2025-04-13T12:00,446.793,714,703.342,1,29.5,59,100,12.3,12
753.0,2025-04-13T14:00,372.533,556,625.567,1,30.2,57,100,10.7,14
837.0,2025-04-15T11:00,602.532,890.5,831.946,1,30.4,55,14,10.3,11
621.0,2025-04-16T10:00,505.355,641,604.594,1,28.6,64,42,12.0,10
404.0,2025-04-16T16:00,505.118,339.5,290.749,1,32.4,43,18,12.4,16
678.0,2025-04-17T15:00,718.714,664,630.847,1,34.1,27,85,13.2,15
125.0,2025-04-19T07:00,313.709,125,124.956,1,23.9,74,0,9.2,7
365.0,2025-04-19T08:00,429.766,367.333,372.492,1,25.8,64,1,10.1,8
211.0,2025-04-19T17:00,545.533,162.667,208.285,1,33.0,28,3,12.1,17
124.0,2025-04-20T07:00,302.041,122.333,121.2,1,24.0,76,11,8.3,7
365.0,2025-04-20T08:00,431.845,367.333,348.322,1,26.1,67,0,9.0,8
908.0,2025-04-20T11:00,789.91,877,853.442,1,32.8,38,59,7.4,11
935.0,2025-04-20T13:00,807.008,865,871.507,1,34.6,30,91,6.6,13
448.0,2025-04-20T16:00,681.314,404.5,424.822,1,34.8,27,0,5.2,16
357.0,2025-04-21T08:00,518.118,348.5,351.308,1,27.2,65,0,9.3,8
779.0,2025-04-22T11:00,663.673,810.5,762.408,1,31.0,46,93,12.8,11
836.0,2025-04-22T13:00,653.265,913.333,714.376,1,32.5,40,97,10.6,13
372.0,2025-04-23T09:00,516.715,460.75,489.093,1,27.4,59,94,17.1,9
878.0,2025-04-23T12:00,669.897,791,730.967,1,31.8,43,87,12.3,12
308.0,2025-04-24T08:00,413.419,335,313.041,1,25.5,69,22,14.1,8
742.0,2025-04-24T10:00,659.076,795.667,755.724,1,29.5,46,0,13.2,10
930.0,2025-04-24T13:00,822.003,896.333,854.826,1,33.5,28,38,14.7,13
829.0,2025-04-24T14:00,787.875,717,766.504,1,33.8,28,21,14.3,14
667.0,2025-04-24T15:00,722.276,692,619.337,1,33.6,28,7,14.5,15
237.0,2025-04-25T08:00,406.021,297,297.833,1,25.4,68,64,15.8,8
122.0,2025-04-26T07:00,340.008,122.333,110.785,1,24.5,73,43,9.0,7
583.0,2025-04-26T09:00,624.765,594.5,554.347,1,28.9,54,10,10.8,9
898.0,2025-04-26T12:00,853.78,931.5,908.73,1,34.3,33,68,7.9,12
903.0,2025-04-26T13:00,891.424,865,867.41,1,35.5,28,88,8.3,13
725.0,2025-04-27T10:00,730.61,810.5,719.961,1,31.2,47,95,12.6,10
800.0,2025-04-27T13:00,819.735,865,867.41,1,34.7,31,91,7.8,13
628.0,2025-04-27T15:00,829.927,633,659.492,1,35.9,25,96,11.0,15
189.0,2025-04-27T17:00,614.24,231,200.22,1,34.2,26,25,10.4,17
351.0,2025-04-28T08:00,455.744,297,376.59,1,26.8,63,94,8.9,8
576.0,2025-04-28T09:00,569.672,528.25,589.355,1,28.9,54,99,8.4,9
195.0,2025-04-28T17:00,648.136,206.5,223.314,1,34.5,25,4,10.5,17
351.0,2025-04-29T08:00,566.307,348.5,395.887,1,27.8,58,4,7.1,8
568.0,2025-04-29T09:00,640.868,471.5,575.099,1,29.6,52,24,6.4,9
813.0,2025-04-29T11:00,736.605,732,800.174,1,32.4,41,17,3.3,11
827.0,2025-04-29T13:00,760.762,865,884.956,1,34.2,34,42,3.5,13
181.0,2025-04-29T17:00,539.363,183,204.601,1,33.6,35,8,9.4,17
117.0,2025-04-30T07:00,475.714,125,146.673,1,26.5,65,1,2.6,7
566.0,2025-04-30T09:00,730.628,797,767.928,1,30.5,47,0,6.3,9
590.0,2025-04-30T15:00,807.599,612.333,648.566,1,35.7,29,17,7.6,15
394.0,2025-04-30T16:00,731.357,420,439.524,1,35.3,30,26,9.9,16
343.0,2025-05-01T09:00,527.283,426,477.733,1,27.6,61,100,17.9,9
819.0,2025-05-02T12:00,720.258,791,786.69,1,31.8,39,35,14.2,12
132.0,2025-05-02T17:00,225.861,130.667,128.012,1,28.9,54,17,20.5,17
610.0,2025-05-03T10:00,514.222,661,485.337,1,27.8,62,57,20.2,10
363.0,2025-05-03T16:00,296.738,346.5,341.553,1,29.3,54,56,20.5,16
114.0,2025-05-04T07:00,244.689,119.5,91.6985,1,23.2,77,97,13.1,7
435.0,2025-05-04T09:00,475.224,372.5,375.102,1,26.6,63,98,21.0,9
708.0,2025-05-04T14:00,399.963,216,562.286,1,29.6,50,100,16.4,14
529.0,2025-05-04T15:00,316.46,216,362.621,1,29.3,52,99,16.8,15
639.0,2025-05-05T10:00,548.431,528.25,611.79,1,28.6,57,89,16.8,10
587.0,2025-05-05T15:00,551.172,520,478.292,1,32.0,40,34,13.8,15
334.0,2025-05-08T08:00,468.061,367.333,347.143,1,26.0,66,0,14.1,8
791.0,2025-05-08T11:00,752.921,626.5,759.103,1,31.1,42,20,17.7,11
624.0,2025-05-09T14:00,732.322,743.5,735.227,1,33.2,31,13,13.5,14
98.0,2025-05-10T07:00,278.984,97,95.15,1,23.4,83,31,15.0,7
698.0,2025-05-10T10:00,711.907,794.333,732.226,1,30.1,48,26,16.9,10
709.0,2025-05-10T14:00,792.092,717,725.819,1,33.7,35,16,18.7,14
165.0,2025-05-10T17:00,462.054,201,178.724,1,31.5,38,8,19.7,17
615.0,2025-05-11T12:00,622.312,810.5,748.996,1,31.0,43,82,13.1,12
72.0,2025-05-12T07:00,247.654,96,86.3942,1,23.2,78,100,14.1,7
103.0,2025-05-13T07:00,267.051,51.5,66.5801,1,22.5,78,68,21.2,7
368.0,2025-05-14T13:00,412.864,413.25,441.243,1,28.5,49,100,19.9,13
497.0,2025-05-15T09:00,451.722,442,442.128,1,25.6,59,54,22.8,9
308.0,2025-05-15T16:00,345.031,333.5,330.42,1,29.6,46,42,19.6,16
144.0,2025-05-15T17:00,193.284,117.25,132.195,1,28.5,51,28,19.1,17
594.0,2025-05-16T11:00,542.504,639.25,575.458,1,28.6,52,100,21.9,11
624.0,2025-05-17T14:00,577.47,672.25,652.995,1,30.8,47,32,23.5,14
476.0,2025-05-18T11:00,500.641,475.25,454.367,1,27.8,52,100,23.7,11
383.0,2025-05-18T12:00,482.996,413.25,467.382,1,28.3,50,100,23.6,12
181.0,2025-05-18T16:00,324.9,346.5,328.501,1,29.3,45,81,21.3,16
113.0,2025-05-18T17:00,184.935,127.75,121.48,1,28.4,50,23,18.2,17
45.0,2025-05-19T07:00,240.282,47,59.6413,1,22.4,79,100,20.8,7
127.0,2025-05-19T08:00,306.612,190.333,200.23,1,23.2,73,55,24.6,8
454.0,2025-05-19T13:00,458.849,669,544.573,1,28.8,44,92,20.4,13
369.0,2025-05-20T10:00,415.525,327,384.065,1,26.3,58,100,21.4,10
397.0,2025-05-20T11:00,439.927,458,508.842,1,27.4,54,100,20.4,11
238.0,2025-05-20T16:00,238.377,346.5,284.745,1,28.9,49,100,16.6,16
96.0,2025-05-20T17:00,139.382,137.333,119.275,1,28.3,51,80,16.7,17
592.0,2025-05-21T11:00,500.19,528.25,581.325,1,28.4,53,96,18.5,11
63.0,2025-05-21T16:00,172.087,350.5,304.087,1,28.3,53,100,15.3,16
97.0,2025-05-23T07:00,166.492,51.5,58.6983,1,22.1,84,45,13.4,7
696.0,2025-05-23T10:00,545.075,795.667,682.206,1,28.1,50,1,13.0,10
839.0,2025-05-23T13:00,699.762,833,854.112,1,31.8,34,0,15.0,13
588.0,2025-05-23T15:00,596.823,585.333,588.55,1,31.9,32,0,15.1,15
128.0,2025-05-24T08:00,289.638,177.75,226.353,1,24.1,73,100,16.7,8
374.0,2025-05-24T09:00,483.711,412.333,401.737,1,26.7,59,97,19.3,9
509.0,2025-05-24T14:00,570.697,664,608.276,1,31.1,42,39,18.0,14
421.0,2025-05-24T15:00,499.376,370,523.688,1,31.3,43,51,15.7,15
132.0,2025-05-24T17:00,256.558,105,133.521,1,29.5,50,47,18.8,17
267.0,2025-05-25T09:00,365.298,351.75,296.645,1,25.0,67,91,22.7,9
602.0,2025-05-25T14:00,410.14,216,407.936,1,28.9,50,100,24.0,14
360.0,2025-05-25T15:00,306.888,216,312.868,1,28.5,51,82,21.4,15
98.0,2025-05-26T07:00,124.329,76.6667,63.2795,1,21.1,82,31,15.3,7
421.0,2025-05-27T09:00,421.836,467.75,435.932,1,25.1,56,30,20.8,9
643.0,2025-05-27T13:00,692.726,740.25,709.567,1,31.3,31,53,20.0,13
282.0,2025-05-27T16:00,421.199,333.5,353.947,1,30.1,39,46,21.9,16
732.0,2025-05-28T14:00,661.031,738,731.59,1,32.0,33,3,15.5,14
387.0,2025-05-28T16:00,483.175,381.5,370.163,1,31.1,35,9,17.1,16
735.0,2025-05-29T13:00,705.193,836,811.101,1,32.3,34,53,14.0,13
270.0,2025-05-30T08:00,357.178,247,290.952,1,24.9,71,32,13.7,8
651.0,2025-05-30T10:00,586.913,795.667,734.25,1,29.1,52,12,10.9,10
754.0,2025-05-30T11:00,671.383,786,787.143,1,30.7,45,9,11.6,11
576.0,2025-05-30T15:00,678.466,634.333,615.14,1,33.6,31,10,10.4,15
576.0,2025-05-31T11:00,530.1,528.25,575.717,1,28.7,53,76,18.6,11
301.0,2025-05-31T16:00,486.237,339.5,374.072,1,31.7,38,15,13.8,16
323.0,2025-06-01T09:00,352.301,303.75,356.242,1,25.0,62,100,19.2,9
737.0,2025-06-01T14:00,688.673,719,707.793,1,32.8,30,81,14.6,14
539.0,2025-06-01T15:00,665.13,555.5,584.698,1,33.0,28,86,16.7,15
363.0,2025-06-01T16:00,577.596,372.5,354.691,1,32.5,30,93,18.8,16
796.0,2025-06-02T13:00,594.896,717.5,674.282,1,30.6,45,56,20.3,13
120.0,2025-06-02T17:00,82.3312,137.333,118.589,1,27.3,59,34,19.6,17
139.0,2025-06-04T17:00,120.706,125.25,125.605,1,28.5,49,88,12.0,17
57.0,2025-06-05T07:00,152.763,76.6667,59.3967,1,21.7,84,35,14.7,7
469.0,2025-06-05T09:00,406.458,467.75,457.033,1,25.3,62,17,19.1,9
731.0,2025-06-05T14:00,565.429,738,721.605,1,30.8,36,0,15.2,14
454.0,2025-06-06T09:00,444.711,410.667,445.167,1,25.8,57,43,18.6,9
567.0,2025-06-06T15:00,598.598,549,588.983,1,31.7,32,9,17.6,15
513.0,2025-06-07T09:00,436.034,634.5,513.947,1,25.8,53,46,15.8,9
804.0,2025-06-07T11:00,671.566,784,725.436,1,29.9,33,87,17.4,11
210.0,2025-06-08T08:00,219.107,207.75,186.352,1,22.6,73,100,21.1,8
209.0,2025-06-08T09:00,212.763,181,223.961,1,23.5,70,100,18.4,9
610.0,2025-06-08T13:00,478.364,732.5,735.869,1,29.5,46,21,13.8,13
675.0,2025-06-09T10:00,478.969,641,591.555,1,28.1,52,52,8.1,10
808.0,2025-06-09T12:00,605.491,755,728.885,1,31.3,40,79,6.7,12
547.0,2025-06-09T15:00,540.523,476,558.693,1,32.8,33,64,3.6,15
87.0,2025-06-10T07:00,193.342,82.75,66.2824,1,22.1,71,0,8.5,7
678.0,2025-06-10T10:00,582.092,795.667,686.022,1,28.7,48,0,11.4,10
728.0,2025-06-11T14:00,705.282,743.5,734.415,1,32.9,29,15,11.9,14
819.0,2025-06-12T13:00,736.692,933.333,821.362,1,32.2,31,8,15.2,13
730.0,2025-06-12T14:00,673.507,719,733.011,1,32.5,31,98,16.7,14
380.0,2025-06-12T16:00,509.082,354.5,344.927,1,32.0,32,95,15.5,16
601.0,2025-06-13T10:00,512.548,372,496.902,1,26.7,56,36,26.0,10
510.0,2025-06-13T15:00,366.481,464.75,470.061,1,28.4,48,31,25.9,15
404.0,2025-06-14T10:00,383.337,405.5,364.881,1,25.1,59,100,28.5,10
174.0,2025-06-14T15:00,125.482,494,291.748,1,25.7,55,100,26.0,15
138.0,2025-06-14T17:00,-118.891,43,109.584,1,24.6,60,100,21.9,17
297.0,2025-06-15T09:00,238.741,377.333,323.846,1,22.7,64,74,24.8,9
60.0,2025-06-16T07:00,156.828,50.5,67.3629,1,21.7,79,27,12.5,7
608.0,2025-06-16T13:00,393.694,475.25,567.939,1,27.7,55,51,24.8,13
525.0,2025-06-17T10:00,413.719,405.5,408.205,1,25.6,59,75,26.6,10
477.0,2025-06-18T12:00,494.148,526.333,612.222,1,27.8,43,24,22.3,12
127.0,2025-06-18T16:00,170.983,215,263.288,1,27.5,48,65,18.2,16
123.0,2025-06-18T17:00,77.7777,130.667,100.088,1,27.0,51,24,17.5,17
663.0,2025-06-19T10:00,464.805,634.5,548.815,1,26.1,48,31,21.3,10
31.0,2025-06-20T07:00,178.899,62.6667,69.9144,1,21.7,83,52,18.5,7
460.0,2025-06-20T11:00,473.399,458,487.59,1,27.6,52,85,21.2,11
175.0,2025-06-20T16:00,266.582,215,281.516,1,28.7,47,79,20.0,16
656.0,2025-06-21T10:00,410.128,600.75,545.699,1,26.2,53,7,14.4,10
386.0,2025-06-21T16:00,406.16,381.5,377.097,1,30.2,37,11,16.3,16
203.0,2025-06-22T08:00,140.981,69,168.403,1,21.9,77,17,14.8,8
389.0,2025-06-22T16:00,437.215,223.667,323.607,1,30.9,29,94,14.7,16
472.0,2025-06-23T09:00,187.239,377.333,351.74,1,23.5,64,99,12.3,9
799.0,2025-06-23T12:00,632.306,661.5,747.693,1,30.2,31,100,17.0,12
263.0,2025-06-24T08:00,186.879,181,250.247,1,22.7,71,88,14.5,8
309.0,2025-06-25T09:00,317.626,303.75,260.919,1,25.1,68,100,16.6,9
529.0,2025-06-25T11:00,541.636,540,573.924,1,29.0,48,99,16.3,11
546.0,2025-06-25T13:00,565.154,456.5,552.583,1,30.8,41,99,15.1,13
525.0,2025-06-25T14:00,603.46,591.5,667.164,1,31.8,37,48,14.1,14
590.0,2025-06-26T10:00,472.149,437.333,530.565,1,26.9,59,42,20.7,10
636.0,2025-06-26T12:00,486.521,674.5,633.423,1,28.2,53,14,21.8,12
541.0,2025-06-27T10:00,371.916,357.667,395.622,1,25.9,55,100,18.0,10
546.0,2025-06-28T14:00,478.943,672.25,569.393,1,29.7,46,35,20.4,14
73.0,2025-06-29T07:00,10.8507,82.75,73.5621,1,19.5,82,5,13.7,7
276.0,2025-06-29T08:00,162.671,284.667,303.725,1,21.5,68,1,16.2,8
658.0,2025-06-29T14:00,428.462,569,526.963,1,29.0,41,20,17.1,14
570.0,2025-06-29T15:00,352.679,464.75,444.919,1,28.8,41,10,16.2,15
16.0,2025-06-30T07:00,126.062,72.25,42.2205,1,21.1,81,100,18.7,7
98.0,2025-06-30T09:00,140.462,261,219.512,1,22.5,72,100,19.0,9
399.0,2025-06-30T13:00,265.26,411,418.937,1,26.9,56,100,18.5,13
151.0,2025-06-30T16:00,95.605,350.5,259.725,1,27.2,54,100,15.8,16
116.0,2025-04-01T07:00,450.748,118.75,132.392,2,25.3,74,100,17.7,7
529.0,2025-04-01T09:00,621.309,579.667,554.415,2,28.4,55,97,18.0,9
797.0,2025-04-01T10:00,790.389,759.75,767.208,2,30.8,44,21,18.4,10
905.0,2025-04-01T12:00,963.486,907.333,877.622,2,34.2,31,36,19.2,12
910.0,2025-04-01T13:00,964.288,885.5,868.246,2,35.0,30,50,19.5,13
733.0,2025-04-01T14:00,887.811,832.5,818.08,2,35.0,30,19,17.1,14
443.0,2025-04-01T16:00,772.033,419.25,433.909,2,35.0,30,18,17.6,16
613.0,2025-04-03T09:00,597.586,553.75,582.743,2,28.1,50,10,14.1,9
972.0,2025-04-03T13:00,855.138,885.5,897.472,2,34.4,30,6,11.5,13
498.0,2025-04-03T16:00,762.355,397.75,440.792,2,35.0,24,4,14.1,16
126.0,2025-04-04T07:00,375.218,121.25,122.705,2,24.5,68,1,11.5,7
707.0,2025-04-04T15:00,762.034,636.5,644.935,2,35.1,26,85,9.3,15
819.0,2025-04-05T12:00,782.241,985.5,934.781,2,33.1,38,100,12.2,12
365.0,2025-04-06T08:00,537.333,416,405.936,2,26.6,56,3,14.8,8
222.0,2025-04-06T17:00,500.116,182.667,178.726,2,32.2,39,30,20.1,17
603.0,2025-04-07T10:00,652.563,391,629.207,2,29.2,46,98,18.4,10
770.0,2025-04-07T14:00,810.533,820.25,805.037,2,34.5,26,100,13.0,14
123.0,2025-04-08T07:00,394.785,112,108.06,2,24.1,74,31,19.5,7
531.0,2025-04-08T09:00,603.222,553.75,534.555,2,27.9,55,40,18.7,9
753.0,2025-04-08T11:00,753.818,811.333,760.889,2,31.6,38,100,14.3,11
842.0,2025-04-08T12:00,788.394,985.5,869.249,2,32.8,35,100,14.1,12
718.0,2025-04-08T14:00,801.816,820.25,807.224,2,34.6,29,92,12.2,14
598.0,2025-04-09T09:00,602.35,553.75,583.954,2,28.5,55,0,13.1,9
426.0,2025-04-09T16:00,687.637,419.25,420.069,2,34.7,30,5,10.6,16
433.0,2025-04-10T16:00,614.116,390.667,424.221,2,34.7,32,77,5.0,16
201.0,2025-04-10T17:00,521.444,162.75,169.362,2,34.1,33,66,6.3,17
502.0,2025-04-11T15:00,503.459,502,541.478,2,32.8,45,97,6.5,15
403.0,2025-04-12T11:00,11.9947,393.333,296.295,2,24.5,85,100,6.7,11
142.0,2025-04-12T17:00,-201.801,353,229.57,2,26.1,77,95,7.2,17
122.0,2025-04-13T07:00,210.565,115.667,104.325,2,23.3,87,57,11.2,7
344.0,2025-04-13T08:00,333.273,195,245.914,2,25.0,79,100,15.7,8
680.0,2025-04-13T10:00,418.128,466.5,460.974,2,27.7,67,100,12.5,10
633.0,2025-04-13T15:00,329.227,625.5,523.87,2,30.1,57,16,11.3,15
446.0,2025-04-13T16:00,238.178,280.5,320.525,2,29.6,58,5,12.0,16
358.0,2025-04-14T08:00,340.416,270.25,269.393,2,25.1,78,43,14.1,8
512.0,2025-04-14T09:00,401.335,468.5,388.75,2,26.6,71,68,13.5,9
919.0,2025-04-14T12:00,496.472,835.5,768.511,2,30.0,56,14,10.2,12
302.0,2025-04-15T08:00,382.159,195,296.898,2,25.7,77,100,14.8,8
205.0,2025-04-15T17:00,230.59,128.75,127.177,2,31.0,50,8,4.0,17
89.0,2025-04-16T07:00,341.79,118.75,110.335,2,24.9,83,97,12.3,7
770.0,2025-04-16T11:00,596.488,835.5,796.439,2,30.4,56,16,11.4,11
756.0,2025-04-16T14:00,623.229,701,728.797,2,32.6,44,25,12.5,14
613.0,2025-04-16T15:00,575.381,625.5,571.042,2,32.7,43,11,12.4,15
905.0,2025-04-17T12:00,794.108,985.5,877.648,2,32.9,36,26,12.7,12
457.0,2025-04-17T16:00,649.388,448.667,405.045,2,33.7,27,30,13.7,16
971.0,2025-04-18T12:00,870.832,985.5,927.292,2,33.6,32,0,13.5,12
948.0,2025-04-18T13:00,906.521,927.667,895.406,2,34.5,25,0,14.3,13
464.0,2025-04-18T16:00,693.974,397.75,444.092,2,33.9,24,0,15.2,16
853.0,2025-04-19T13:00,758.271,792.25,838.677,2,33.9,32,98,7.7,13
596.0,2025-04-20T09:00,572.731,601,578.81,2,28.7,57,0,9.1,9
781.0,2025-04-20T10:00,726.301,751.667,806.606,2,31.2,45,21,8.8,10
122.0,2025-04-21T07:00,368.035,121.25,120.835,2,25.2,75,4,7.9,7
753.0,2025-04-21T14:00,608.476,697.333,684.193,2,33.4,38,82,3.8,14
609.0,2025-04-21T15:00,562.005,629.25,606.366,2,33.7,37,68,2.3,15
116.0,2025-04-22T07:00,415.492,119.5,115.781,2,25.2,72,27,12.4,7
470.0,2025-04-22T10:00,577.286,569,628.181,2,29.0,53,70,13.8,10
753.0,2025-04-22T14:00,640.6,697.333,725.7,2,33.0,37,97,10.3,14
628.0,2025-04-22T15:00,640.854,602.667,556.692,2,33.5,35,97,12.2,15
785.0,2025-04-23T14:00,714.147,697.333,735.202,2,33.7,35,21,10.4,14
636.0,2025-04-23T15:00,698.312,602.667,628,2,34.0,33,6,11.8,15
410.0,2025-04-25T09:00,543.998,475.667,511.263,2,27.6,57,54,15.7,9
196.0,2025-04-25T17:00,481.15,162.75,176.382,2,32.9,32,98,11.6,17
119.0,2025-04-27T07:00,434.882,118.75,131.225,2,25.8,71,93,10.9,7
794.0,2025-04-27T11:00,773.198,711.5,762.671,2,32.4,42,71,11.0,11
907.0,2025-04-27T12:00,788.867,856,869.793,2,33.5,36,91,8.9,12
759.0,2025-04-28T10:00,699.052,751.667,779.296,2,31.1,46,99,8.7,10
925.0,2025-04-28T12:00,820.142,856,889.088,2,34.2,34,95,6.2,12
621.0,2025-04-28T15:00,788.432,636.5,638.263,2,35.9,26,74,5.7,15
427.0,2025-04-28T16:00,745.82,471.5,444.797,2,35.6,25,25,8.5,16
684.0,2025-04-29T10:00,630.553,751.667,649.417,2,30.8,49,59,3.9,10
585.0,2025-04-29T15:00,687.599,629.25,622.827,2,34.6,31,25,5.7,15
788.0,2025-04-30T11:00,804.555,892,885.873,2,33.0,40,11,7.7,11
743.0,2025-04-30T14:00,820.234,716,800.142,2,35.4,32,15,7.4,14
282.0,2025-05-01T08:00,514.218,345,313.913,2,26.5,66,91,18.6,8
550.0,2025-05-01T10:00,548.125,619.25,619.27,2,28.5,57,29,15.1,10
755.0,2025-05-01T11:00,632.297,812.5,787.739,2,30.3,50,23,14.0,11
298.0,2025-05-02T08:00,436.621,330.5,279.089,2,25.6,68,46,17.0,8
681.0,2025-05-02T10:00,608,619.25,656.84,2,29.0,50,14,14.8,10
370.0,2025-05-02T16:00,364.417,298.5,312.783,2,29.6,50,54,23.7,16
110.0,2025-05-03T07:00,313.741,118.75,103.287,2,23.8,80,68,16.1,7
830.0,2025-05-03T12:00,603.373,902,729.382,2,30.3,53,58,19.2,12
655.0,2025-05-03T14:00,493.469,749,602.357,2,30.4,51,60,18.9,14
133.0,2025-05-03T17:00,159.178,143.333,136.878,2,28.3,58,81,21.7,17
856.0,2025-05-05T13:00,657.758,814,798.008,2,31.9,41,17,13.9,13
733.0,2025-05-05T14:00,612.57,701,661.498,2,32.1,40,21,13.7,14
616.0,2025-05-06T10:00,548.26,579.667,593.015,2,28.3,59,90,18.7,10
327.0,2025-05-06T16:00,198.037,364.25,312.166,2,28.5,55,73,16.6,16
378.0,2025-05-07T09:00,491.176,267,384.548,2,26.7,62,100,19.8,9
585.0,2025-05-07T15:00,540.59,586.667,516.162,2,32.1,44,26,14.0,15
328.0,2025-05-07T16:00,256.169,298.5,326.662,2,29.7,53,72,12.8,16
532.0,2025-05-09T09:00,566.197,416,452.23,2,27.3,57,17,19.6,9
743.0,2025-05-09T11:00,762.426,759.75,794.589,2,31.0,40,22,18.9,11
726.0,2025-05-09T12:00,768.576,811.333,761.586,2,32.0,35,83,17.8,12
542.0,2025-05-09T13:00,717.698,770.5,798.849,2,32.2,34,18,15.5,13
158.0,2025-05-09T17:00,525.817,233.5,217.898,2,32.8,27,12,13.5,17
289.0,2025-05-10T08:00,412.299,245.667,270.834,2,25.4,70,57,16.9,8
61.0,2025-05-11T07:00,180.522,36.25,48.35,2,22.5,82,100,13.3,7
330.0,2025-05-11T09:00,427.615,267,403.544,2,26.2,61,100,16.5,9
372.0,2025-05-11T15:00,485.706,502,518.225,2,31.8,40,100,10.6,15
241.0,2025-05-11T16:00,425.112,337.667,344.788,2,31.3,41,100,14.8,16
75.0,2025-05-11T17:00,160.303,76.5,117.957,2,28.8,54,99,16.9,17
334.0,2025-05-12T09:00,421.247,330.5,355.107,2,25.9,67,100,20.3,9
248.0,2025-05-13T09:00,366.378,331.25,305.077,2,24.9,66,100,21.8,9
438.0,2025-05-13T10:00,478.503,474,453.695,2,26.9,57,65,20.8,10
547.0,2025-05-13T13:00,522.441,738.333,638.838,2,30.0,46,100,17.7,13
541.0,2025-05-14T11:00,509.373,420,486.791,2,27.8,51,100,22.2,11
577.0,2025-05-14T12:00,522.034,581,531.632,2,28.8,48,100,21.2,12
416.0,2025-05-14T15:00,410.918,536.5,477.201,2,29.8,45,97,19.8,15
333.0,2025-05-14T16:00,335.428,298.5,298.337,2,29.5,46,99,20.9,16
157.0,2025-05-15T08:00,257.2,295.333,225.804,2,22.9,73,38,20.3,8
511.0,2025-05-15T13:00,490.837,581,508.285,2,29.2,47,97,20.8,13
46.0,2025-05-16T07:00,166.248,51.5,54.0994,2,22.0,83,100,16.0,7
675.0,2025-05-16T12:00,587.001,738.333,625.826,2,29.8,48,99,20.4,12
670.0,2025-05-16T13:00,600.915,759.75,674.125,2,30.6,44,98,20.7,13
63.0,2025-05-17T07:00,237.868,36.25,43.015,2,22.8,82,99,17.1,7
511.0,2025-05-17T15:00,486.07,536.5,506.565,2,30.4,48,42,23.1,15
472.0,2025-05-18T09:00,503.111,453.667,453.739,2,26.1,61,37,24.0,9
485.0,2025-05-18T13:00,515.045,581,506.991,2,29.3,46,85,22.0,13
412.0,2025-05-19T09:00,469.605,339.667,495.717,2,25.4,61,45,26.0,9
481.0,2025-05-19T11:00,479.919,430,488.075,2,27.4,52,100,22.5,11
445.0,2025-05-19T14:00,505.756,583,601.318,2,29.6,41,32,22.2,14
445.0,2025-05-19T15:00,441.848,487.5,516.873,2,29.5,40,26,22.1,15
233.0,2025-05-20T09:00,320.886,358,297.552,2,24.2,66,98,22.3,9
395.0,2025-05-20T12:00,444.019,579.667,513.501,2,28.1,52,100,19.7,12
243.0,2025-05-20T15:00,305.471,511.667,359.37,2,29.0,49,100,16.2,15
240.0,2025-05-21T09:00,336.561,336,305.495,2,24.8,68,100,20.1,9
471.0,2025-05-21T14:00,481.921,678.5,620.097,2,30.3,46,100,17.5,14
492.0,2025-05-22T13:00,566.477,638.5,673.505,2,30.7,41,100,15.2,13
816.0,2025-05-23T11:00,632.51,792,769.402,2,29.9,43,0,14.1,11
388.0,2025-05-23T16:00,473.658,313.667,360.319,2,31.3,34,13,15.6,16
162.0,2025-05-23T17:00,299.264,167.5,146.802,2,30.1,37,34,14.2,17
703.0,2025-05-24T12:00,692.102,759.75,694.71,2,31.1,41,100,19.1,12
421.0,2025-05-24T13:00,607.191,759.75,746.652,2,31.0,41,75,16.7,13
151.0,2025-05-25T08:00,306.337,158.5,162.798,2,23.8,75,88,20.4,8
501.0,2025-05-25T10:00,572.181,420,448.205,2,27.7,52,100,23.6,10
127.0,2025-05-25T17:00,120.02,143.333,111.777,2,27.8,54,10,18.4,17
647.0,2025-05-26T13:00,585.831,738.333,686.857,2,30.2,38,74,19.5,13
115.0,2025-05-26T17:00,253.936,148.5,157.306,2,29.1,39,20,17.5,17
756.0,2025-05-27T11:00,700.968,708,738.931,2,29.6,36,54,22.4,11
449.0,2025-05-28T09:00,368.961,473.333,418.393,2,24.9,62,15,18.8,9
687.0,2025-05-28T10:00,554.978,678,646.924,2,28.0,48,3,15.9,10
75.0,2025-05-29T07:00,147.27,51.5,58.9871,2,22.2,86,100,13.5,7
764.0,2025-05-29T12:00,646.099,720,832.474,2,31.1,40,30,12.3,12
727.0,2025-05-30T14:00,725.838,697.333,720.622,2,33.6,32,5,11.0,14
36.0,2025-05-31T07:00,316.212,97,108.736,2,24.0,78,45,13.6,7
582.0,2025-05-31T12:00,469.305,674.333,576.882,2,28.9,52,76,15.7,12
381.0,2025-06-02T09:00,486.443,453.667,465.585,2,26.2,61,49,21.7,9
678.0,2025-06-03T10:00,502.71,568.667,639.646,2,27.0,51,16,19.4,10
67.0,2025-06-04T07:00,141.706,74,52.3149,2,21.5,84,100,17.6,7
247.0,2025-06-04T09:00,229.336,158.5,162.943,2,23.6,73,100,19.7,9
367.0,2025-06-04T10:00,411.069,350,417.613,2,26.4,59,99,18.9,10
685.0,2025-06-04T11:00,499.865,579.667,539.688,2,28.3,52,92,17.5,11
656.0,2025-06-05T10:00,472.109,662.5,617.123,2,26.9,53,6,17.4,10
775.0,2025-06-06T11:00,592.311,771.667,722.319,2,29.2,44,6,15.7,11
820.0,2025-06-06T13:00,680.385,770.5,836.429,2,31.6,34,2,15.8,13
832.0,2025-06-07T13:00,690.416,811.333,757.333,2,31.8,29,98,15.6,13
388.0,2025-06-07T16:00,488.138,364,367.458,2,31.5,31,86,16.1,16
144.0,2025-06-08T17:00,223.758,128.75,129.225,2,29.5,42,87,13.7,17
752.0,2025-06-09T13:00,602.996,868,800.245,2,32.2,36,72,5.1,13
579.0,2025-06-10T15:00,638.859,547.5,545.27,2,32.9,30,17,13.1,15
645.0,2025-06-11T10:00,527.439,619.25,624.562,2,28.3,54,22,13.2,10
382.0,2025-06-11T16:00,570.063,379.75,375.21,2,32.5,28,0,14.2,16
254.0,2025-06-12T08:00,268.938,284.25,264.461,2,23.8,74,17,14.5,8
840.0,2025-06-12T12:00,710.913,882.5,852.796,2,31.2,33,0,15.3,12
54.0,2025-06-13T07:00,218.843,92,81.491,2,22.2,78,59,17.4,7
64.0,2025-06-14T07:00,258.333,92,74.461,2,21.6,78,51,26.1,7
288.0,2025-06-14T09:00,364.405,300,308.042,2,23.8,66,100,30.1,9
201.0,2025-06-14T16:00,59.7922,157.667,216.067,2,25.7,56,100,24.4,16
77.0,2025-06-15T07:00,54.5238,64.5,65.8371,2,19.8,80,41,18.7,7
602.0,2025-06-15T10:00,412.913,581.5,482.018,2,25.4,54,65,24.3,10
273.0,2025-06-16T08:00,273.276,257.75,272.173,2,23.5,71,26,16.4,8
134.0,2025-06-16T17:00,-51.9276,143.667,116.625,2,25.8,63,24,19.0,17
488.0,2025-06-17T12:00,434.531,493,482.728,2,27.4,52,100,24.1,12
88.0,2025-06-17T17:00,-31.1788,143.667,114.068,2,26.2,60,82,18.3,17
414.0,2025-06-18T10:00,393.133,592.333,523.536,2,25.3,56,43,23.2,10
80.0,2025-06-19T07:00,19.4769,84.3333,73.6483,2,19.8,79,0,13.7,7
680.0,2025-06-19T11:00,534.26,649,571.209,2,27.6,42,55,22.2,11
841.0,2025-06-21T12:00,555.85,810.5,788.173,2,29.4,39,1,14.8,12
473.0,2025-06-22T09:00,243.327,358,339.538,2,24.1,66,7,12.8,9
634.0,2025-06-22T10:00,406.215,592.333,616.322,2,26.5,55,8,14.2,10
826.0,2025-06-22T13:00,578.441,774,745.355,2,30.6,34,66,14.0,13
737.0,2025-06-22T14:00,563.426,659,652.459,2,31.2,31,97,13.8,14
749.0,2025-06-23T11:00,547.387,707,668.221,2,28.6,38,100,15.4,11
738.0,2025-06-23T13:00,634.582,848.5,714.099,2,30.8,29,100,17.4,13
160.0,2025-06-23T17:00,230.324,147.75,152.725,2,28.9,34,84,16.1,17
72.0,2025-06-24T07:00,64.0611,64.5,57.0521,2,20.7,84,92,15.3,7
472.0,2025-06-24T09:00,323.843,493.667,417.253,2,25.2,61,99,13.1,9
303.0,2025-06-24T16:00,365.555,379.75,328.6,2,31.3,39,100,7.7,16
37.0,2025-06-25T07:00,169.564,51.5,55.53,2,22.4,82,100,12.9,7
140.0,2025-06-25T08:00,220.202,150.667,149.251,2,23.3,77,99,16.0,8
421.0,2025-06-25T12:00,526.917,459,692.477,2,29.4,45,100,16.0,12
419.0,2025-06-25T15:00,553.37,586.667,555.345,2,32.0,35,100,14.5,15
202.0,2025-06-25T16:00,412.436,337.667,337.355,2,31.0,39,98,15.0,16
210.0,2025-06-26T08:00,315.933,200,201.125,2,23.8,76,33,20.6,8
582.0,2025-06-26T11:00,425.862,474,482.824,2,26.9,59,63,22.3,11
117.0,2025-06-26T17:00,96.6237,121,107.981,2,27.3,58,33,21.7,17
409.0,2025-06-28T10:00,405.545,350,388.315,2,26.0,58,97,21.0,10
425.0,2025-06-28T15:00,319.464,491.75,529.106,2,28.4,50,49,21.6,15
46.0,2025-06-30T08:00,82.251,106,179.754,2,21.3,80,100,17.8,8
281.0,2025-06-30T12:00,214.506,267,422.586,2,25.6,61,100,17.7,12
116.0,2025-04-02T07:00,329.609,119.5,111.509,3,23.9,77,100,17.9,7
249.0,2025-04-02T08:00,391.497,324,288.874,3,25.3,69,100,17.1,8
814.0,2025-04-02T11:00,693.827,684,740.143,3,31.1,42,100,14.1,11
773.0,2025-04-02T14:00,730.044,811.667,773.478,3,34.2,33,100,10.0,14
617.0,2025-04-02T15:00,717.386,628.667,630.348,3,34.5,32,100,12.5,15
126.0,2025-04-03T07:00,346.064,124,119.57,3,24.0,69,0,12.1,7
998.0,2025-04-04T12:00,832.613,887,876.448,3,33.4,32,11,11.2,12
495.0,2025-04-04T16:00,691.949,431.25,421.141,3,34.9,25,75,9.2,16
248.0,2025-04-04T17:00,579.472,199.75,201.717,3,34.1,25,88,9.8,17
604.0,2025-04-05T09:00,613.13,522,617.2,3,29.1,53,86,11.6,9
708.0,2025-04-05T13:00,747.733,871.5,843.848,3,33.5,35,100,11.7,13
734.0,2025-04-05T14:00,765.11,811.667,767.758,3,34.4,32,100,12.0,14
599.0,2025-04-06T09:00,672.405,611.5,650.698,3,28.7,46,3,15.7,9
881.0,2025-04-06T13:00,905.888,826.333,897.833,3,34.4,32,14,18.6,13
490.0,2025-04-07T09:00,581.177,515,463.037,3,27.5,52,100,20.6,9
640.0,2025-04-07T15:00,746.129,667.333,658.443,3,34.6,26,100,12.3,15
422.0,2025-04-07T16:00,706.133,431.25,429.235,3,34.9,24,100,11.2,16
775.0,2025-04-08T13:00,780.701,830,872.557,3,33.7,31,100,12.1,13
364.0,2025-04-09T08:00,466.756,333,353.837,3,26.3,64,0,12.3,8
510.0,2025-04-09T11:00,698.954,821,781.449,3,31.3,44,60,12.7,11
587.0,2025-04-09T12:00,700.056,911,852.429,3,32.4,41,77,10.1,12
820.0,2025-04-09T13:00,733.647,871.5,862.477,3,33.7,37,100,9.4,13
365.0,2025-04-10T08:00,510.62,333,354.301,3,27.0,62,0,10.9,8
939.0,2025-04-10T12:00,807.011,887,903.506,3,33.8,38,14,7.9,12
657.0,2025-04-11T10:00,499.128,601.667,630.942,3,29.2,60,36,6.0,10
855.0,2025-04-11T11:00,583.851,803.5,812.263,3,31.1,53,14,3.6,11
901.0,2025-04-11T13:00,649.073,871.5,864.675,3,33.4,45,92,5.4,13
675.0,2025-04-11T14:00,650.036,811.667,780.928,3,33.8,42,99,8.0,14
124.0,2025-04-12T10:00,-46.3796,117,118.961,3,23.0,94,100,9.8,10
433.0,2025-04-12T12:00,1.00315,349.25,398.433,3,25.0,81,100,7.1,12
210.0,2025-04-13T17:00,66.4257,172,213.424,3,28.6,64,10,9.4,17
862.0,2025-04-14T13:00,453.433,892.667,830.27,3,30.3,55,14,9.4,13
203.0,2025-04-14T17:00,48.9039,172,127.187,3,28.9,61,100,6.6,17
117.0,2025-04-15T07:00,289.064,90.6667,104.843,3,24.0,85,31,13.8,7
417.0,2025-04-15T16:00,424.23,393.333,383.276,3,32.0,43,11,7.4,16
541.0,2025-04-16T09:00,543.035,699,562.788,3,28.3,65,25,13.3,9
198.0,2025-04-16T17:00,351.835,172,175.661,3,31.5,46,18,11.4,17
125.0,2025-04-17T07:00,292.372,123.667,115.439,3,24.0,80,0,10.9,7
364.0,2025-04-17T08:00,416.964,257.667,314.534,3,25.9,69,0,12.0,8
596.0,2025-04-17T09:00,554.377,598,563.073,3,28.1,58,0,12.2,9
783.0,2025-04-17T10:00,717.683,703,778.524,3,30.6,47,9,13.3,10
898.0,2025-04-17T13:00,777.934,830,876.899,3,33.6,33,61,12.2,13
367.0,2025-04-18T08:00,381.967,257.667,320.451,3,25.6,70,0,10.8,8
685.0,2025-04-18T15:00,815.542,667.333,673.522,3,34.6,22,0,15.2,15
839.0,2025-04-19T12:00,724.117,882.667,863.085,3,32.9,36,100,7.4,12
585.0,2025-04-21T09:00,637.832,598,604.213,3,29.4,54,0,9.7,9
756.0,2025-04-21T10:00,642.735,803.5,811.648,3,30.4,51,10,8.1,10
729.0,2025-04-22T12:00,647.304,754.5,801.182,3,31.6,43,81,11.4,12
660.0,2025-04-23T10:00,577.705,522,573.916,3,29.2,54,90,14.1,10
874.0,2025-04-23T13:00,694.557,770.5,838.369,3,33.0,38,94,10.7,13
901.0,2025-04-24T11:00,750.301,837.333,852.994,3,31.3,37,13,13.9,11
194.0,2025-04-24T17:00,522.963,147,182.304,3,32.8,30,4,13.1,17
89.0,2025-04-25T07:00,275.398,107.75,90.6614,3,23.5,79,99,15.7,7
833.0,2025-04-25T11:00,707.947,828,795.536,3,31.6,43,72,11.3,11
803.0,2025-04-25T14:00,800.761,818.667,797.994,3,34.7,27,95,11.3,14
652.0,2025-04-25T15:00,748.652,667.333,656.357,3,34.7,26,97,11.7,15
766.0,2025-04-26T10:00,758.899,828,812.223,3,31.3,45,0,11.3,10
390.0,2025-04-26T16:00,764.117,431.25,425.79,3,35.7,25,85,11.5,16
186.0,2025-04-26T17:00,658.539,199.75,202.754,3,35.0,25,40,10.2,17
354.0,2025-04-27T08:00,538.118,333,362.57,3,27.4,64,6,12.0,8
806.0,2025-04-28T14:00,810.276,818.667,790.677,3,35.8,28,100,4.3,14
347.0,2025-04-30T08:00,620.539,581,566.1,3,28.7,54,1,6.5,8
849.0,2025-04-30T12:00,813.052,887,891.741,3,34.0,37,61,8.1,12
165.0,2025-04-30T17:00,586.119,213.75,194.01,3,34.1,32,29,11.8,17
805.0,2025-05-01T12:00,678.921,849.667,819.485,3,31.7,44,20,12.7,12
830.0,2025-05-01T13:00,718.64,770.5,829.254,3,33.0,39,17,11.4,13
594.0,2025-05-01T15:00,661.482,650.667,624.876,3,33.4,36,15,13.8,15
181.0,2025-05-01T17:00,474.417,193.5,176.13,3,32.8,34,46,10.7,17
117.0,2025-05-02T07:00,318.676,54,104.821,3,23.9,78,27,14.7,7
577.0,2025-05-02T15:00,605.707,511,574.798,3,32.6,39,28,15.5,15
322.0,2025-05-03T08:00,448.702,263.5,278.718,3,25.6,70,92,21.5,8
465.0,2025-05-03T09:00,553.181,407.333,428.274,3,27.3,61,44,21.2,9
699.0,2025-05-03T11:00,582.667,587,639.468,3,29.3,56,36,19.8,11
525.0,2025-05-03T15:00,452.807,548,542.167,3,30.6,51,38,19.5,15
558.0,2025-05-04T11:00,415.838,311.333,398.367,3,27.4,59,100,19.1,11
642.0,2025-05-04T12:00,403.041,389,463.032,3,27.9,58,100,20.0,12
804.0,2025-05-04T13:00,472.365,676.667,592.363,3,29.6,51,99,18.1,13
283.0,2025-05-05T08:00,397.624,259,268.065,3,25.1,72,65,19.6,8
367.0,2025-05-05T16:00,440.151,366.5,350.241,3,31.3,42,56,15.8,16
834.0,2025-05-06T12:00,634.736,844.667,793.981,3,30.9,48,9,15.4,12
474.0,2025-05-06T15:00,385.406,511,620.532,3,30.4,51,22,12.8,15
132.0,2025-05-06T17:00,95.6753,57.5,107.746,3,28.0,60,25,16.2,17
90.0,2025-05-07T07:00,300.865,107.75,94.1833,3,23.5,79,34,16.5,7
637.0,2025-05-07T10:00,551.713,587,583.637,3,28.3,56,43,17.6,10
108.0,2025-05-08T07:00,322.65,107.75,103.956,3,24.2,80,3,12.9,7
555.0,2025-05-08T09:00,598.026,598,591.719,3,28.0,52,0,15.3,9
797.0,2025-05-08T12:00,734.53,829,763.563,3,31.8,39,43,16.8,12
342.0,2025-05-08T16:00,488.441,280.5,329.367,3,31.8,41,18,15.7,16
168.0,2025-05-08T17:00,372.293,116.5,146.439,3,30.8,44,6,18.0,17
525.0,2025-05-09T15:00,687.696,667.333,660.705,3,33.4,28,6,12.9,15
442.0,2025-05-10T09:00,552.042,450,464.24,3,27.6,59,20,17.0,9
766.0,2025-05-10T11:00,732.004,724,721.052,3,31.1,43,65,17.8,11
747.0,2025-05-10T12:00,749.811,829,780.007,3,32.0,40,33,17.1,12
605.0,2025-05-11T10:00,585.517,556,600.16,3,29.0,50,100,15.1,10
479.0,2025-05-11T11:00,572.158,552,631.79,3,29.7,48,97,13.8,11
685.0,2025-05-11T13:00,615.384,845,801.012,3,31.9,40,100,11.4,13
524.0,2025-05-11T14:00,549.557,753.75,700.546,3,31.8,40,100,11.4,14
739.0,2025-05-12T12:00,581.715,813,743.983,3,30.4,49,88,16.3,12
840.0,2025-05-12T13:00,663.164,729.25,694.858,3,31.9,44,60,17.4,13
460.0,2025-05-13T12:00,474.252,564.25,560.365,3,28.6,50,96,18.9,12
446.0,2025-05-13T15:00,436.939,440.25,460.354,3,30.8,43,100,14.5,15
62.0,2025-05-14T07:00,196.051,44,44.085,3,22.2,81,100,17.8,7
115.0,2025-05-14T17:00,161.653,143.333,115.231,3,28.2,51,30,18.3,17
434.0,2025-05-15T10:00,474.96,515,455.52,3,26.7,54,100,22.4,10
265.0,2025-05-16T09:00,368.402,407.333,341.675,3,25.1,65,100,21.0,9
180.0,2025-05-17T08:00,341.761,337.333,263.153,3,24.3,71,100,20.2,8
700.0,2025-05-17T13:00,590.124,621.25,688.232,3,30.2,49,35,23.9,13
126.0,2025-05-17T17:00,88.699,120,130.054,3,27.3,59,65,21.8,17
246.0,2025-05-18T08:00,381.466,218.25,265.098,3,24.2,71,31,23.3,8
382.0,2025-05-18T15:00,442.08,480.667,476.047,3,30.0,43,90,21.1,15
462.0,2025-05-19T10:00,438.656,359,358.114,3,26.3,58,100,23.2,10
468.0,2025-05-19T12:00,443.654,481.333,461.679,3,27.9,49,100,20.6,12
364.0,2025-05-19T16:00,379.052,280.5,293.423,3,29.4,40,10,21.4,16
145.0,2025-05-19T17:00,233.297,133.5,118.744,3,28.6,42,100,21.6,17
95.0,2025-05-20T07:00,146.135,44,55.6583,3,21.6,79,100,15.9,7
397.0,2025-05-20T13:00,413.122,676.667,513.947,3,28.6,51,99,19.2,13
175.0,2025-05-21T08:00,292.176,147.333,172.12,3,23.6,76,100,22.3,8
189.0,2025-05-21T15:00,308.154,528,422.53,3,29.0,50,100,17.1,15
477.0,2025-05-22T14:00,548.312,727,678.084,3,31.3,39,95,14.6,14
342.0,2025-05-22T15:00,427.48,480.667,508.847,3,30.4,43,61,15.3,15
228.0,2025-05-22T16:00,351.618,393.333,358.615,3,30.4,43,35,12.5,16
38.0,2025-05-24T07:00,228.164,107.75,53.5262,3,22.9,80,100,15.5,7
691.0,2025-05-24T11:00,695.249,791,756.447,3,30.4,44,63,19.5,11
47.0,2025-05-25T07:00,234.723,44,48.5833,3,22.8,81,100,17.5,7
364.0,2025-05-25T11:00,495.214,556,488.323,3,27.8,52,100,21.9,11
415.0,2025-05-25T12:00,496.607,564.25,536.803,3,28.5,50,94,22.2,12
228.0,2025-05-25T16:00,277.815,329,296.551,3,28.8,50,58,20.6,16
447.0,2025-05-26T15:00,501.301,511,578.145,3,30.6,36,20,17.7,15
82.0,2025-05-27T07:00,55.888,79.75,63.6683,3,20.5,86,24,14.9,7
719.0,2025-05-27T12:00,715.816,791,772.2,3,30.6,33,42,21.4,12
130.0,2025-05-27T17:00,272.759,130.667,134.828,3,29.1,42,6,19.1,17
183.0,2025-05-28T08:00,231.044,142,147.324,3,22.9,73,65,18.3,8
819.0,2025-05-28T11:00,654.171,818.25,792.203,3,29.7,40,8,16.7,11
830.0,2025-05-28T13:00,674.498,813.75,832.62,3,31.6,35,8,15.3,13
589.0,2025-05-28T15:00,596.006,584,594.685,3,32.0,33,0,15.5,15
56.0,2025-05-30T07:00,192.429,90.6667,57.2914,3,22.9,83,59,11.4,7
622.0,2025-05-31T13:00,533.969,812,806.769,3,30.4,44,11,12.8,13
704.0,2025-05-31T14:00,616.789,727,747.068,3,32.2,38,37,13.0,14
531.0,2025-05-31T15:00,585.054,511,586.585,3,32.1,38,21,16.4,15
151.0,2025-05-31T17:00,350.94,140,126.344,3,30.6,40,33,16.2,17
769.0,2025-06-01T11:00,615.597,694.75,672.108,3,29.4,41,48,16.4,11
842.0,2025-06-01T13:00,698.946,770.5,826.899,3,31.9,33,7,14.8,13
583.0,2025-06-02T10:00,586.96,651,625.98,3,28.3,51,31,19.0,10
64.0,2025-06-03T07:00,142.066,79.75,59.3967,3,21.4,83,26,16.4,7
278.0,2025-06-03T08:00,279.937,261.333,212.88,3,23.1,73,24,21.0,8
468.0,2025-06-03T09:00,452.75,489.5,467.327,3,25.5,59,23,22.3,9
757.0,2025-06-03T11:00,642.649,694.75,663.871,3,29.1,41,30,21.3,11
596.0,2025-06-04T14:00,534.244,729.25,620.444,3,30.7,41,42,16.9,14
435.0,2025-06-04T15:00,436.151,511,565.42,3,30.2,43,28,16.8,15
264.0,2025-06-05T08:00,282.891,261.333,226.298,3,23.4,73,19,18.8,8
582.0,2025-06-05T15:00,500.279,584,591.495,3,30.7,36,2,16.2,15
834.0,2025-06-06T12:00,653.827,813,804.019,3,30.6,39,6,15.8,12
154.0,2025-06-06T17:00,368.592,163.667,158.147,3,30.6,33,25,14.8,17
81.0,2025-06-07T07:00,115.127,87.75,62.0297,3,21.8,83,83,12.0,7
586.0,2025-06-08T11:00,422.3,423.5,479.846,3,27.2,56,43,18.2,11
575.0,2025-06-08T14:00,477.058,654.75,725.729,3,30.2,43,9,14.1,14
338.0,2025-06-08T16:00,343.781,334,296.423,3,30.1,41,100,15.2,16
83.0,2025-06-09T07:00,79.1061,67.5,69.804,3,21.4,85,9,9.5,7
796.0,2025-06-10T11:00,660.648,759,793.4,3,30.5,41,0,11.3,11
151.0,2025-06-10T17:00,383.383,135,156.273,3,31.2,32,83,13.2,17
810.0,2025-06-11T13:00,688.425,770.5,848.323,3,32.2,34,5,11.6,13
784.0,2025-06-12T11:00,641.683,818.25,800.857,3,29.7,40,0,15.0,11
580.0,2025-06-12T15:00,610.679,564.75,544.106,3,32.4,31,91,16.1,15
616.0,2025-06-13T13:00,461.758,415,554.299,3,28.3,49,42,24.4,13
667.0,2025-06-13T14:00,444.061,676.667,558.62,3,28.8,48,47,24.9,14
138.0,2025-06-13T17:00,110.393,76,139.402,3,26.6,54,23,26.2,17
317.0,2025-06-14T12:00,268.627,311.333,343.079,3,25.0,60,100,28.4,12
258.0,2025-06-15T08:00,189.724,218.25,173.429,3,21.4,71,98,25.6,8
472.0,2025-06-15T11:00,376.2,501,430.189,3,25.9,53,100,23.7,11
447.0,2025-06-15T12:00,325.801,447,408.364,3,26.1,53,100,23.1,12
196.0,2025-06-15T15:00,135.79,175.333,238.535,3,26.3,53,100,20.0,15
103.0,2025-06-15T16:00,18.9418,175.333,165.061,3,25.8,55,100,18.2,16
37.0,2025-06-15T17:00,-106.114,142.333,94.815,3,25.2,58,100,16.7,17
92.0,2025-06-18T08:00,139.105,83,166.526,3,22.1,78,95,17.3,8
577.0,2025-06-18T13:00,530.122,448,602.567,3,29.0,39,100,24.1,13
289.0,2025-06-18T15:00,301.108,326.667,377.556,3,28.1,44,100,20.7,15
559.0,2025-06-19T12:00,477.728,694.75,556.99,3,27.9,41,100,20.9,12
336.0,2025-06-19T15:00,314.527,326.667,396.196,3,28.2,43,100,21.0,15
339.0,2025-06-20T09:00,382.029,379.333,334.279,3,24.9,64,100,23.7,9
474.0,2025-06-20T10:00,481.068,515,468.004,3,26.8,55,95,22.6,10
455.0,2025-06-20T13:00,456.958,491.333,485.375,3,28.9,47,85,19.6,13
385.0,2025-06-20T14:00,429.992,448,447.666,3,29.3,45,100,19.7,14
44.0,2025-06-22T07:00,-11.4267,18.6667,40.26,3,20.3,88,99,12.1,7
73.0,2025-06-23T07:00,-50.2656,18.6667,35.6267,3,19.6,86,100,12.3,7
523.0,2025-06-23T15:00,518.067,440.25,476.725,3,30.8,29,100,17.5,15
357.0,2025-06-23T16:00,405.291,360,348.426,3,30.1,30,100,17.3,16
622.0,2025-06-24T10:00,365.232,515,441.162,3,26.6,56,98,11.4,10
759.0,2025-06-24T11:00,500.136,589.5,624.857,3,29.0,47,97,10.6,11
606.0,2025-06-24T14:00,471.795,753.75,699.783,3,31.2,40,100,7.2,14
117.0,2025-06-24T17:00,297.747,157.667,164.703,3,31.0,38,100,8.2,17
25.0,2025-06-27T07:00,45.1195,18.6667,39.8167,3,20.5,85,100,15.7,7
353.0,2025-06-27T11:00,301.858,414,412.887,3,25.9,56,100,16.5,11
397.0,2025-06-27T12:00,303.87,414,441.462,3,27.0,54,100,13.9,12
117.0,2025-06-27T17:00,94.8147,120,120.451,3,27.4,54,30,18.3,17
501.0,2025-06-28T13:00,392.343,415,476.77,3,28.3,51,69,18.2,13
552.0,2025-06-29T12:00,428.461,595,582.45,3,27.3,47,33,20.5,12
172.0,2025-06-29T17:00,137.91,128,113.832,3,27.8,42,16,14.2,17
381.0,2025-06-30T11:00,224.517,311.333,347.2,3,25.0,65,100,18.8,11
286.0,2025-06-30T15:00,166.235,227.333,267.783,3,27.3,55,82,15.9,15
49.0,2025-06-30T17:00,-20.9084,76,95.9736,3,26.8,56,96,12.8,17
699.0,2025-04-01T15:00,831.026,628.667,632.707,4,35.3,30,30,17.3,15
987.0,2025-04-02T12:00,745.798,719,802.696,4,32.7,38,100,12.5,12
866.0,2025-04-02T13:00,723.464,843.5,822.978,4,33.4,36,100,10.4,13
945.0,2025-04-03T11:00,771.128,811.667,855.611,4,32.0,38,1,12.7,11
806.0,2025-04-04T10:00,711.917,802.5,795.58,4,30.5,40,0,11.9,10
939.0,2025-04-04T11:00,789.385,846.25,828.461,4,32.1,35,0,12.6,11
365.0,2025-04-05T08:00,496.932,363.667,437.756,4,27.1,61,88,11.5,8
796.0,2025-04-05T11:00,747.853,719,760.21,4,32.1,42,100,12.5,11
420.0,2025-04-05T16:00,651.428,445.5,437.515,4,34.5,29,100,10.7,16
873.0,2025-04-10T11:00,773.274,858.5,825.595,4,32.7,41,12,9.1,11
246.0,2025-04-11T08:00,404.307,307,397.346,4,26.6,69,90,8.7,8
310.0,2025-04-11T09:00,399.773,483,441.39,4,27.3,66,30,7.3,9
922.0,2025-04-11T12:00,597.352,857.5,719.645,4,32.3,49,18,3.0,12
374.0,2025-04-11T16:00,27.2917,259,250.438,4,27.2,66,100,14.0,16
84.0,2025-04-12T08:00,93.1325,101.5,230.583,4,23.1,91,100,11.0,8
150.0,2025-04-12T09:00,39.6535,101.5,270.583,4,23.5,90,100,8.2,9
344.0,2025-04-12T13:00,-76.2215,483,425.578,4,25.1,82,100,6.0,13
366.0,2025-04-12T15:00,-45.0846,259,325.581,4,26.5,75,100,8.8,15
123.0,2025-04-14T07:00,191.169,102.5,107.39,4,23.4,86,40,9.9,7
749.0,2025-04-14T10:00,467.442,643.5,612.66,4,28.3,63,10,12.1,10
852.0,2025-04-14T11:00,478.598,791,707.842,4,29.2,59,12,11.3,11
786.0,2025-04-14T14:00,381.242,742,744.982,4,30.4,54,16,9.0,14
628.0,2025-04-14T15:00,307.613,623,559.652,4,30.3,55,18,8.7,15
418.0,2025-04-14T16:00,223.704,339,268.986,4,30.0,55,61,8.9,16
698.0,2025-04-15T10:00,522.153,643.5,653.171,4,29.1,62,18,11.7,10
623.0,2025-04-15T15:00,484.854,623,599.884,4,32.3,43,14,7.6,15
843.0,2025-04-16T13:00,625.906,857.5,777.611,4,32.2,47,20,12.6,13
852.0,2025-04-17T11:00,752.255,865,842.373,4,31.9,41,7,12.8,11
816.0,2025-04-17T14:00,749.878,732.75,742.703,4,34.0,30,97,12.6,14
217.0,2025-04-17T17:00,504.076,202.5,212.323,4,32.7,29,1,13.4,17
789.0,2025-04-18T10:00,672.751,740.5,746.26,4,30.4,50,0,12.8,10
851.0,2025-04-18T14:00,875.34,839.25,817.718,4,34.8,21,0,15.0,14
217.0,2025-04-18T17:00,522.61,202.5,219.178,4,33.0,28,0,12.7,17
903.0,2025-04-19T11:00,715.009,669.5,736.616,4,32.1,40,100,8.0,11
453.0,2025-04-19T16:00,631.947,445.5,451.973,4,33.9,27,61,11.7,16
204.0,2025-04-20T17:00,536.178,227,236.529,4,34.1,25,0,4.5,17
848.0,2025-04-21T11:00,637.003,857.5,789.757,4,31.5,46,15,5.5,11
900.0,2025-04-21T12:00,642.284,858.5,832.629,4,32.4,42,13,4.0,12
880.0,2025-04-21T13:00,625.575,820.25,835.425,4,33.0,40,22,3.4,13
394.0,2025-04-21T16:00,561.502,450.75,433.042,4,34.1,34,87,5.9,16
339.0,2025-04-22T08:00,479.168,363,371.737,4,26.6,64,23,13.8,8
520.0,2025-04-22T09:00,579.12,548,600.823,4,28.3,56,32,15.0,9
807.0,2025-04-23T11:00,626.656,761.75,711.886,4,30.6,48,97,13.2,11
107.0,2025-04-24T07:00,293.654,102.5,99.9925,4,24.0,80,37,13.9,7
549.0,2025-04-24T09:00,521.578,426,511.113,4,27.6,56,3,13.6,9
955.0,2025-04-24T12:00,785.785,727.5,775.328,4,32.6,31,82,14.3,12
438.0,2025-04-24T16:00,632.786,448.667,428.097,4,33.6,27,4,13.3,16
668.0,2025-04-25T10:00,606.194,643.5,667.541,4,29.7,52,45,12.3,10
878.0,2025-04-26T11:00,809.779,878,888.282,4,33.0,38,12,9.5,11
814.0,2025-04-26T14:00,885.058,839.25,819.318,4,36.1,26,95,9.7,14
645.0,2025-04-26T15:00,837.836,624.5,650.252,4,36.1,25,93,10.6,15
794.0,2025-04-27T14:00,850.723,839.25,816.968,4,35.9,27,81,7.7,14
119.0,2025-04-28T07:00,378.72,121.333,120.118,4,25.3,70,94,9.7,7
867.0,2025-04-28T11:00,765.859,843.5,844.314,4,32.8,39,98,7.8,11
881.0,2025-04-28T13:00,808.824,843.5,802.612,4,35.1,30,100,4.2,13
384.0,2025-04-29T16:00,602.11,450.75,439.908,4,34.2,32,12,7.7,16
718.0,2025-04-30T10:00,753.861,661,762.967,4,32.0,43,26,6.8,10
840.0,2025-04-30T13:00,811.412,871,864.801,4,34.8,34,23,7.5,13
775.0,2025-05-02T13:00,658.676,837,742.778,4,32.2,39,24,12.7,13
752.0,2025-05-02T14:00,652.58,675.5,728.03,4,32.8,38,10,13.4,14
638.0,2025-05-03T13:00,437.419,707.667,625.582,4,29.1,57,29,20.0,13
318.0,2025-05-04T08:00,425.425,250.25,262.625,4,25.1,69,96,22.5,8
136.0,2025-05-04T17:00,121.066,85.5,106.963,4,28.6,54,100,14.9,17
104.0,2025-05-05T07:00,320.268,87.5,101.106,4,23.7,80,44,19.2,7
471.0,2025-05-05T09:00,473.119,464.333,449.86,4,26.9,63,84,17.8,9
133.0,2025-05-05T17:00,131.13,143.75,141.542,4,28.3,58,14,18.9,17
251.0,2025-05-06T08:00,395.474,256.333,256.415,4,25.2,72,90,19.7,8
720.0,2025-05-07T11:00,567.934,706.333,677.459,4,29.4,51,53,16.6,11
769.0,2025-05-07T13:00,561.353,857.5,766.163,4,31.2,48,24,13.6,13
702.0,2025-05-07T14:00,546.908,508.667,712.585,4,31.8,46,22,13.1,14
730.0,2025-05-08T10:00,695.287,740.5,701.883,4,29.9,47,19,18.0,10
708.0,2025-05-08T14:00,652.71,732.5,724.708,4,32.7,39,16,14.7,14
582.0,2025-05-08T15:00,593.007,623,555.98,4,32.6,39,19,15.5,15
331.0,2025-05-09T08:00,376.275,289,278.753,4,25.1,69,15,16.0,8
629.0,2025-05-09T10:00,646.394,707.667,628.28,4,29.3,49,21,18.1,10
592.0,2025-05-10T15:00,682.392,589.25,588.608,4,33.2,35,5,18.8,15
376.0,2025-05-10T16:00,578.631,403.5,382.452,4,32.6,36,8,19.0,16
200.0,2025-05-11T08:00,287.658,136.333,161.492,4,24.0,72,100,17.1,8
130.0,2025-05-12T08:00,319.731,156.5,180.178,4,24.1,75,100,21.2,8
215.0,2025-05-13T08:00,343.412,197,223.339,4,23.9,70,100,23.1,8
574.0,2025-05-13T14:00,499.58,525.333,593.642,4,30.6,44,94,17.1,14
132.0,2025-05-13T17:00,176.252,128,139.704,4,29.2,48,97,13.7,17
457.0,2025-05-14T14:00,431.292,478,493.101,4,29.5,47,73,19.0,14
435.0,2025-05-15T11:00,437.727,532,488.374,4,27.3,54,77,19.9,11
206.0,2025-05-16T08:00,319.86,197,204.079,4,23.9,72,100,21.4,8
461.0,2025-05-16T15:00,523.708,385.5,414.71,4,31.3,40,100,19.3,15
113.0,2025-05-16T17:00,254.027,85.5,119.766,4,29.7,44,99,16.7,17
652.0,2025-05-17T10:00,579.702,628.5,607.475,4,28.1,55,54,23.0,10
624.0,2025-05-17T12:00,572.845,620.333,613.705,4,29.4,50,93,23.8,12
231.0,2025-05-17T16:00,79.2684,115,218.197,4,27.3,62,87,17.0,16
47.0,2025-05-18T07:00,193.504,85.3333,77.9983,4,22.5,81,79,15.3,7
33.0,2025-05-21T07:00,213.659,54.5,54.0474,4,22.5,81,100,17.8,7
127.0,2025-05-22T17:00,219.056,128,126.701,4,29.7,45,99,13.3,17
746.0,2025-05-23T14:00,643.341,732.5,739.603,4,32.1,32,0,14.9,14
540.0,2025-05-24T10:00,592.303,707.667,612.322,4,28.5,51,49,19.5,10
290.0,2025-05-26T08:00,278.851,243,255.372,4,23.1,69,53,21.0,8
423.0,2025-05-26T09:00,387.976,479,427.731,4,24.9,59,65,21.6,9
564.0,2025-05-26T10:00,513.726,614.333,650.229,4,27.1,50,45,21.0,10
631.0,2025-05-26T11:00,548.472,397.667,646.536,4,28.2,45,67,21.1,11
664.0,2025-05-26T12:00,565.1,581,611.922,4,29.2,42,70,20.6,12
297.0,2025-05-27T08:00,232.104,243,229.495,4,22.6,71,42,20.4,8
631.0,2025-05-27T10:00,543.145,670.5,571.634,4,27.5,46,29,19.2,10
667.0,2025-05-27T14:00,638.607,508.667,659.531,4,31.3,34,63,22.2,14
506.0,2025-05-27T15:00,559.226,589.25,538.798,4,31.3,34,16,19.4,15
57.0,2025-05-28T07:00,117.316,77.3333,40.4948,4,21.4,84,100,16.9,7
827.0,2025-05-28T12:00,649.531,824.333,828.39,4,30.6,38,6,16.6,12
164.0,2025-05-28T17:00,290.081,144.667,141.6,4,29.8,38,52,16.6,17
197.0,2025-05-29T08:00,221.537,156.5,217.441,4,23.5,77,37,15.0,8
468.0,2025-05-29T09:00,395.272,421,418.336,4,26.0,63,19,15.2,9
621.0,2025-05-29T10:00,500.368,643.5,639.194,4,28.2,54,19,12.6,10
542.0,2025-05-29T14:00,629.421,728.667,638.551,4,32.1,35,81,15.8,14
97.0,2025-05-29T17:00,319.336,157.667,142.877,4,30.3,42,8,17.2,17
461.0,2025-05-30T09:00,479.095,363.667,470.367,4,27.3,59,22,12.8,9
810.0,2025-05-30T13:00,712.8,973.25,965.873,4,32.9,36,2,11.7,13
359.0,2025-05-30T16:00,571.242,326.5,373.481,4,33.1,30,36,12.1,16
136.0,2025-05-30T17:00,433.035,201,187.964,4,32.7,30,28,6.4,17
434.0,2025-05-31T09:00,491.463,586,446.334,4,27.0,62,24,17.8,9
54.0,2025-06-01T07:00,162.128,41.5,56.14,4,22.0,78,100,14.6,7
199.0,2025-06-01T08:00,287.609,185,214.731,4,23.6,69,100,18.8,8
843.0,2025-06-01T12:00,668.784,779.25,740.877,4,30.9,36,32,15.9,12
84.0,2025-06-02T07:00,208.915,66.3333,71.2657,4,22.5,83,95,18.1,7
746.0,2025-06-02T12:00,635.596,803.5,729.385,4,30.6,45,37,18.6,12
626.0,2025-06-02T14:00,513.476,609.75,696.396,4,30.7,47,20,18.2,14
276.0,2025-06-02T16:00,223.011,330,292.677,4,28.8,55,21,17.4,16
135.0,2025-06-03T17:00,239.093,131.333,145.371,4,28.9,45,93,21.5,17
158.0,2025-06-04T08:00,206.699,156.5,176.277,4,22.7,77,100,20.3,8
745.0,2025-06-04T12:00,543.406,462.25,611.344,4,29.6,46,66,16.9,12
735.0,2025-06-04T13:00,563.069,711.75,712.148,4,30.5,42,58,16.9,13
231.0,2025-06-04T16:00,266.272,238,295.885,4,29.4,45,32,13.3,16
833.0,2025-06-05T12:00,565.382,634,747.151,4,29.5,41,3,17.0,12
799.0,2025-06-05T13:00,569.225,824.333,800.016,4,30.4,38,2,15.8,13
375.0,2025-06-06T16:00,477.145,379.5,389.168,4,31.3,33,9,16.4,16
686.0,2025-06-07T10:00,578.518,462.25,653.249,4,28.2,41,92,16.4,10
738.0,2025-06-07T14:00,645.472,732.5,718.858,4,32.1,29,96,15.1,14
586.0,2025-06-07T15:00,588.037,582.25,557.854,4,32.1,29,85,15.2,15
351.0,2025-06-08T10:00,330.677,421,393.038,4,25.5,63,81,19.3,10
613.0,2025-06-08T12:00,433.753,611,607.026,4,28.3,50,29,16.0,12
519.0,2025-06-08T15:00,428.359,385.5,407.102,4,30.5,41,97,15.3,15
292.0,2025-06-09T08:00,188.465,386,265.839,4,23.4,72,0,9.4,8
504.0,2025-06-09T09:00,350.761,499,481.258,4,25.8,58,4,9.4,9
729.0,2025-06-10T14:00,687.927,728.25,696.005,4,33.2,30,92,11.8,14
86.0,2025-06-11T07:00,114.408,92,80.7362,4,21.8,77,24,9.4,7
499.0,2025-06-11T09:00,349.148,421,447.939,4,25.9,64,83,12.2,9
759.0,2025-06-11T11:00,577.071,791,677.021,4,29.7,47,20,13.1,11
824.0,2025-06-11T12:00,609.636,865,774.616,4,30.8,42,8,12.5,12
579.0,2025-06-11T15:00,642.425,552,578.926,4,33.0,28,4,12.8,15
81.0,2025-06-12T07:00,123.348,92,75.6979,4,22.0,86,34,13.0,7
165.0,2025-06-12T17:00,381.836,137.5,148.306,4,31.1,34,94,15.6,17
669.0,2025-06-13T11:00,503.501,648.667,563.696,4,27.3,54,23,26.4,11
743.0,2025-06-13T12:00,509.675,556.75,583.002,4,28.2,51,40,25.7,12
287.0,2025-06-14T13:00,170.299,283.333,337.575,4,24.8,60,100,25.6,13
275.0,2025-06-15T14:00,197.097,388.5,424.911,4,26.3,53,100,20.6,14
413.0,2025-06-16T12:00,389.479,464.333,470.227,4,27.1,56,72,23.5,12
433.0,2025-06-16T14:00,293.067,614.333,499.078,4,27.4,55,57,23.1,14
328.0,2025-06-16T15:00,183.065,179.667,258.419,4,26.8,58,45,23.3,15
276.0,2025-06-16T16:00,76.3794,179.667,223.141,4,26.5,60,30,21.1,16
67.0,2025-06-17T07:00,168.64,49.5,72.0352,4,22.0,81,52,16.0,7
514.0,2025-06-17T11:00,441.231,418.75,465.126,4,26.7,55,100,25.6,11
423.0,2025-06-17T13:00,354.106,388.5,462.114,4,27.3,53,100,23.7,13
341.0,2025-06-17T14:00,294.041,388.5,446.535,4,27.4,53,100,22.9,14
257.0,2025-06-17T15:00,217.929,179.667,265.208,4,27.3,54,100,22.3,15
335.0,2025-06-18T14:00,371.064,532.667,514.078,4,27.8,44,98,24.3,14
289.0,2025-06-19T08:00,165.03,232.667,271.27,4,21.7,70,11,19.0,8
472.0,2025-06-19T14:00,373.392,356.75,389.717,4,28.3,42,93,19.8,14
446.0,2025-06-20T12:00,478.173,397.667,467.86,4,28.3,49,100,21.4,12
386.0,2025-06-20T15:00,401.246,411.5,453.611,4,29.8,43,95,18.5,15
120.0,2025-06-20T17:00,131.933,85.5,127.12,4,28.1,49,80,17.4,17
250.0,2025-06-21T08:00,132.841,206.5,209.998,4,21.9,75,21,16.3,8
460.0,2025-06-21T09:00,267.956,463.333,407.954,4,24.1,62,12,15.1,9
777.0,2025-06-21T11:00,482.743,774.667,701.1,4,28.0,45,1,14.5,11
585.0,2025-06-21T15:00,461.445,623,545.672,4,30.5,37,4,15.9,15
146.0,2025-06-21T17:00,240.188,144.667,149.017,4,29.1,40,6,16.7,17
758.0,2025-06-22T11:00,494.011,774.667,726.213,4,28.3,45,4,13.5,11
837.0,2025-06-22T12:00,568.081,759,778.833,4,29.8,38,19,13.9,12
587.0,2025-06-22T15:00,531.424,485,529.208,4,31.4,29,78,14.2,15
171.0,2025-06-22T17:00,287.188,144.667,150.997,4,29.7,33,58,14.9,17
265.0,2025-06-23T08:00,80.0048,156.5,169.222,4,21.5,75,100,14.6,8
639.0,2025-06-23T10:00,372.488,486.333,551.031,4,26.2,51,100,13.5,10
651.0,2025-06-23T14:00,596.788,525.333,710.302,4,31.1,29,100,17.4,14
776.0,2025-06-24T12:00,567.649,779.25,742.294,4,30.7,40,100,9.0,12
750.0,2025-06-24T13:00,549.319,859,720.946,4,31.3,38,100,8.1,13
509.0,2025-06-24T15:00,441.153,385.5,428.95,4,31.6,39,100,7.5,15
49.0,2025-06-26T07:00,170.818,92,78.4729,4,22.3,85,27,15.4,7
406.0,2025-06-26T09:00,409.686,314,356.943,4,25.7,65,52,20.4,9
720.0,2025-06-26T13:00,482.133,707.667,562.867,4,29.0,49,35,22.2,13
595.0,2025-06-26T14:00,407.962,707.667,605.736,4,29.1,51,10,20.4,14
527.0,2025-06-26T15:00,380.83,411.5,486.502,4,29.4,50,28,21.5,15
356.0,2025-06-27T09:00,235.129,185,216.491,4,23.7,66,100,17.5,9
405.0,2025-06-27T14:00,348.554,462.25,565.293,4,29.0,47,58,13.5,14
381.0,2025-06-27T15:00,285.65,549.5,448.481,4,28.9,48,32,14.0,15
223.0,2025-06-27T16:00,209.649,276,227.102,4,28.7,49,71,14.7,16
27.0,2025-06-28T07:00,81.9096,18,32.3958,4,21.2,84,98,14.5,7
120.0,2025-06-28T08:00,180.873,156.5,147.072,4,22.3,77,100,20.5,8
196.0,2025-06-28T09:00,216.211,260.75,182.994,4,23.3,72,98,21.1,9
410.0,2025-06-28T11:00,376.601,532,493.808,4,26.7,55,93,18.4,11
414.0,2025-06-28T12:00,404.288,572.333,518.118,4,27.8,51,73,17.6,12
155.0,2025-06-28T17:00,-67.0639,117,115.39,4,26.0,63,65,17.5,17
667.0,2025-06-29T10:00,447.843,614.333,612.162,4,26.0,51,48,22.6,10
742.0,2025-06-29T13:00,439.664,707.667,579.491,4,28.5,43,23,18.5,13
375.0,2025-06-29T16:00,238.083,276,319.084,4,28.7,39,6,12.5,16
269.0,2025-04-01T08:00,495.274,359.5,296.123,5,26.5,66,100,18.1,8
880.0,2025-04-01T11:00,896.73,907.667,901.179,5,32.7,36,26,20.1,11
473.0,2025-04-02T09:00,524.453,374,451.274,5,27.5,57,100,16.2,9
751.0,2025-04-02T10:00,619.948,615,618.22,5,29.5,49,100,14.5,10
426.0,2025-04-02T16:00,642.387,455,412.948,5,34.1,32,100,13.2,16
192.0,2025-04-02T17:00,527.049,215,201.863,5,33.4,32,100,12.1,17
1002.0,2025-04-03T12:00,820.577,799,906.855,5,33.3,34,6,11.8,12
250.0,2025-04-03T17:00,639.562,212.25,200.125,5,34.2,26,1,13.5,17
371.0,2025-04-04T08:00,474.889,518,428.893,5,26.2,58,0,11.9,8
610.0,2025-04-04T09:00,598.446,603.667,607.305,5,28.2,47,0,12.1,9
848.0,2025-04-04T14:00,827.125,804.667,794.38,5,35.2,26,98,9.7,14
751.0,2025-04-05T10:00,706.34,777.333,754.797,5,30.9,47,100,12.5,10
615.0,2025-04-05T15:00,729.374,621.5,635.233,5,34.6,30,100,11.7,15
789.0,2025-04-06T10:00,787.142,762.5,800.128,5,30.9,41,2,16.6,10
836.0,2025-04-06T14:00,840.239,680.333,738.621,5,34.7,31,16,15.3,14
446.0,2025-04-06T16:00,662.684,455,413.334,5,33.5,34,19,19.1,16
818.0,2025-04-07T12:00,773.352,738,782.105,5,32.3,34,61,15.7,12
635.0,2025-04-08T10:00,668.351,686.5,679.571,5,29.9,46,93,15.4,10
605.0,2025-04-08T15:00,745.87,672.75,638.95,5,34.3,29,18,13.4,15
222.0,2025-04-08T17:00,569.549,210,199.913,5,33.8,29,12,10.2,17
633.0,2025-04-09T10:00,711.627,777.333,697.933,5,30.7,47,100,14.7,10
786.0,2025-04-09T14:00,744.622,766,757.992,5,34.5,34,98,9.3,14
227.0,2025-04-09T17:00,601.4,210,190.531,5,34.3,30,13,10.4,17
124.0,2025-04-10T07:00,429.193,122.5,124.849,5,25.4,69,0,11.2,7
786.0,2025-04-10T10:00,711.329,787,780.324,5,31.0,46,3,9.3,10
877.0,2025-04-10T13:00,767.671,842.75,877.414,5,34.2,36,16,6.4,13
777.0,2025-04-10T14:00,711.946,766,764.137,5,34.3,35,8,5.2,14
27.0,2025-04-12T07:00,87.8467,53.6667,55.0983,5,22.7,95,100,7.4,7
497.0,2025-04-12T14:00,14.1086,355,417.571,5,26.3,76,100,8.7,14
340.0,2025-04-12T16:00,-58.8193,147.5,286.729,5,26.8,72,100,7.9,16
403.0,2025-04-13T09:00,345.305,302.667,393.201,5,26.0,74,73,14.3,9
892.0,2025-04-13T13:00,413.481,501.5,749.883,5,29.9,59,87,11.7,13
440.0,2025-04-15T09:00,446.754,335.5,426.188,5,27.2,69,24,13.0,9
867.0,2025-04-15T12:00,591.271,794.333,783.854,5,31.3,51,19,9.1,12
873.0,2025-04-15T13:00,585.713,814.5,804.266,5,32.0,47,11,7.6,13
769.0,2025-04-15T14:00,557.838,715.5,733.849,5,32.3,44,13,7.4,14
257.0,2025-04-16T08:00,431.655,449.333,391.434,5,26.5,74,26,12.4,8
848.0,2025-04-16T12:00,649.117,794.333,785.271,5,31.6,49,22,12.6,12
126.0,2025-04-18T07:00,260.517,54,115.259,5,23.7,78,0,9.2,7
599.0,2025-04-18T09:00,526.421,552,584.275,5,28.0,60,0,11.2,9
916.0,2025-04-18T11:00,794.119,851.667,890.58,5,32.2,40,0,13.3,11
597.0,2025-04-19T09:00,580.595,530.667,574.747,5,28.4,51,25,10.9,9
782.0,2025-04-19T10:00,630.099,777.333,704.115,5,30.2,48,82,9.2,10
783.0,2025-04-19T14:00,736.115,725,755.526,5,34.2,30,83,8.5,14
639.0,2025-04-19T15:00,694.289,621.5,636.396,5,34.2,29,71,9.6,15
941.0,2025-04-20T12:00,801.925,946.667,876.01,5,33.8,33,78,7.1,12
833.0,2025-04-20T14:00,780.998,725,752.704,5,35.1,29,98,6.5,14
657.0,2025-04-20T15:00,746.266,646,631.833,5,35.0,28,5,7.1,15
169.0,2025-04-21T17:00,503.076,215,195.163,5,33.2,35,90,12.0,17
401.0,2025-04-22T16:00,539.346,323,344.876,5,32.8,38,51,13.0,16
183.0,2025-04-22T17:00,419.105,210,188.43,5,32.0,40,27,12.4,17
117.0,2025-04-23T07:00,333.103,122.5,112.979,5,24.3,76,90,14.3,7
339.0,2025-04-23T08:00,447.709,328,296.48,5,25.9,67,100,17.8,8
413.0,2025-04-23T16:00,627.057,455,415.327,5,33.9,32,46,11.6,16
173.0,2025-04-23T17:00,461.944,210,185.678,5,32.0,40,36,17.6,17
862.0,2025-04-25T12:00,767.192,767.333,809.971,5,33.0,35,100,10.9,12
886.0,2025-04-25T13:00,808.298,946.667,870.481,5,34.1,30,85,11.0,13
436.0,2025-04-25T16:00,655.302,455,431.872,5,34.2,28,100,12.1,16
357.0,2025-04-26T08:00,451.787,308,377.947,5,26.5,66,2,10.5,8
579.0,2025-04-27T09:00,678.127,748,603.068,5,29.6,52,20,13.0,9
409.0,2025-04-27T16:00,740.797,455,437.963,5,35.1,25,88,13.2,16
120.0,2025-04-29T07:00,479.679,103.5,223.63,5,26.2,55,8,4.6,7
876.0,2025-04-29T12:00,742.385,924,890.367,5,33.5,37,48,3.6,12
696.0,2025-04-29T14:00,710.68,734.667,748.526,5,34.4,32,46,3.9,14
112.0,2025-05-01T07:00,431.155,116,116.212,5,25.2,74,28,16.0,7
739.0,2025-05-01T14:00,727.773,733.333,735.282,5,33.5,36,22,14.2,14
392.0,2025-05-01T16:00,601.771,445.333,373.106,5,33.3,35,16,14.0,16
436.0,2025-05-02T09:00,528.466,470,466.113,5,27.5,58,19,15.0,9
821.0,2025-05-02T11:00,696.834,787.667,752.685,5,30.9,43,27,14.4,11
466.0,2025-05-04T10:00,440.93,478.5,406.368,5,27.0,60,98,18.5,10
350.0,2025-05-04T16:00,264.755,303,235.423,5,29.4,51,100,15.3,16
777.0,2025-05-05T11:00,641.614,777.333,676.59,5,30.2,47,86,16.9,11
837.0,2025-05-05T12:00,675.246,828,823.099,5,31.1,43,7,16.5,12
85.0,2025-05-06T07:00,286.158,101,94.1217,5,23.4,83,61,18.4,7
407.0,2025-05-06T09:00,493.356,417,431.191,5,26.8,64,27,19.4,9
550.0,2025-05-06T11:00,532.127,641.333,657.394,5,28.9,56,10,16.6,11
818.0,2025-05-06T13:00,628.148,623.75,775.015,5,31.6,45,19,15.0,13
731.0,2025-05-06T14:00,540.504,571.25,572.704,5,31.1,46,43,16.6,14
292.0,2025-05-07T08:00,404.036,259,300.243,5,25.0,71,47,20.3,8
740.0,2025-05-07T12:00,562.705,711.5,723.089,5,30.2,50,47,14.8,12
120.0,2025-05-07T17:00,183.281,162.333,144.56,5,29.1,54,31,14.5,17
711.0,2025-05-08T13:00,688.989,814.5,835.093,5,32.1,39,16,15.3,13
110.0,2025-05-09T07:00,258.842,101,105.088,5,23.3,80,16,13.5,7
370.0,2025-05-09T16:00,648.73,445.333,439.075,5,33.6,26,12,12.9,16
757.0,2025-05-10T13:00,751.277,842.75,881.667,5,32.8,38,27,16.8,13
444.0,2025-05-12T10:00,495.453,481.5,500.428,5,27.5,59,98,20.4,10
498.0,2025-05-12T11:00,525.848,565.667,590.089,5,28.7,54,92,18.7,11
726.0,2025-05-12T14:00,659.775,733.333,679.088,5,32.3,42,24,18.6,14
506.0,2025-05-12T15:00,386.959,535.667,556.329,5,29.3,53,14,22.2,15
343.0,2025-05-12T16:00,320.316,353.667,308.356,5,29.3,54,24,21.9,16
153.0,2025-05-12T17:00,163.496,131,132.727,5,28.2,56,52,20.8,17
612.0,2025-05-13T11:00,548.286,598.5,516.567,5,28.6,50,100,20.5,11
327.0,2025-05-13T16:00,398.172,323,317.067,5,30.7,42,66,15.5,16
231.0,2025-05-14T08:00,317.363,236.5,224.555,5,23.7,71,94,21.8,8
313.0,2025-05-14T09:00,338.206,256.5,268.911,5,24.8,66,100,20.1,9
489.0,2025-05-14T10:00,472.68,418.5,431.881,5,26.9,56,80,20.7,10
70.0,2025-05-15T07:00,173.472,58,45.8033,5,21.7,82,100,19.4,7
585.0,2025-05-15T12:00,516.456,414.667,531.109,5,28.7,49,97,22.2,12
606.0,2025-05-15T14:00,474.017,479.75,517.401,5,29.8,46,77,20.1,14
498.0,2025-05-15T15:00,427.694,541,461.267,5,29.9,46,33,19.5,15
441.0,2025-05-16T10:00,496.906,432.667,450.708,5,27.2,57,100,22.1,10
573.0,2025-05-16T14:00,582.013,571.25,539.847,5,31.2,41,98,19.8,14
319.0,2025-05-16T16:00,458.098,272,307.468,5,31.0,39,100,19.6,16
221.0,2025-05-17T09:00,361.762,310.25,319.632,5,25.1,67,100,20.9,9
655.0,2025-05-17T11:00,607.586,598.5,568.173,5,29.1,50,96,23.3,11
349.0,2025-05-18T10:00,474.614,468.667,491.135,5,26.6,57,97,24.2,10
413.0,2025-05-18T14:00,456.249,479.75,483.62,5,29.5,46,80,20.5,14
156.0,2025-05-20T08:00,241.903,154.5,188.053,5,22.7,74,100,22.5,8
277.0,2025-05-20T14:00,333.232,386.25,488.93,5,28.4,52,100,18.2,14
418.0,2025-05-21T10:00,441.594,418.5,455.273,5,26.8,59,86,19.4,10
626.0,2025-05-21T12:00,517.931,709.5,680.448,5,29.3,51,43,17.1,12
699.0,2025-05-21T13:00,532.88,501.5,632.383,5,30.4,47,100,16.5,13
40.0,2025-05-21T17:00,81.3363,167.5,108.055,5,27.7,56,100,16.5,17
45.0,2025-05-22T07:00,119.797,74.6667,64.0577,5,22.0,87,98,13.0,7
144.0,2025-05-22T08:00,196.387,142,138.358,5,23.0,80,79,17.0,8
386.0,2025-05-22T09:00,315.411,259,230.18,5,24.6,70,79,20.3,9
505.0,2025-05-22T10:00,514.243,623.5,602.882,5,27.9,55,98,17.6,10
477.0,2025-05-22T11:00,527.906,534.667,614.226,5,28.8,49,100,16.1,11
420.0,2025-05-22T12:00,535.809,615,604.957,5,29.6,46,99,16.0,12
280.0,2025-05-23T08:00,259.692,265.333,262.216,5,23.6,73,17,14.8,8
510.0,2025-05-23T09:00,387.2,464,460.328,5,25.7,61,5,13.9,9
864.0,2025-05-23T12:00,694.066,839.5,853.828,5,31.2,37,0,15.0,12
305.0,2025-05-24T16:00,413.094,247.5,310.167,5,30.8,45,32,16.9,16
478.0,2025-05-25T13:00,506.488,737,571.302,5,29.6,46,87,19.0,13
587.0,2025-05-26T14:00,569.782,571.25,590.642,5,30.6,37,39,19.8,14
336.0,2025-05-26T16:00,436.178,365.333,358.037,5,30.3,36,44,19.8,16
697.0,2025-05-29T11:00,590.126,748,744.409,5,29.7,46,19,12.7,11
450.0,2025-05-29T15:00,604.397,586,577.592,5,32.5,34,24,13.7,15
298.0,2025-05-29T16:00,545.256,370.5,367.333,5,32.5,32,41,13.1,16
806.0,2025-05-30T12:00,714.058,814.5,861.945,5,32.0,39,5,12.0,12
237.0,2025-05-31T08:00,416.544,328,299.116,5,25.5,70,42,17.2,8
598.0,2025-05-31T10:00,567.07,565.667,563.585,5,28.5,54,67,17.7,10
596.0,2025-06-01T10:00,547.81,555.75,624.292,5,27.8,48,28,17.3,10
127.0,2025-06-01T17:00,422.094,215,158.846,5,31.4,32,92,15.6,17
201.0,2025-06-02T08:00,333.686,129,167.819,5,24.1,73,55,20.4,8
720.0,2025-06-02T11:00,652.327,748,735.137,5,29.9,46,22,18.4,11
546.0,2025-06-02T15:00,532.222,541,491.053,5,31.2,44,37,20.5,15
762.0,2025-06-03T12:00,611.36,821.5,783.579,5,29.5,39,15,20.2,12
817.0,2025-06-03T13:00,606.449,798.75,772.896,5,30.3,37,0,18.7,13
742.0,2025-06-03T14:00,554.947,662.333,637.859,5,30.4,38,0,19.1,14
592.0,2025-06-03T15:00,565.203,450.25,540.289,5,31.3,33,19,18.1,15
365.0,2025-06-03T16:00,467.401,365.333,354.315,5,30.5,37,60,22.7,16
780.0,2025-06-05T11:00,548.038,641.333,699.588,5,28.4,46,6,17.8,11
381.0,2025-06-05T16:00,400.58,387,387.05,5,30.2,37,5,15.9,16
159.0,2025-06-05T17:00,245.467,162.333,160.205,5,29.1,40,12,14.9,17
37.0,2025-06-06T07:00,137.958,64,68.9354,5,21.6,83,30,14.7,7
239.0,2025-06-06T08:00,264.509,293,233.519,5,23.2,72,33,18.5,8
664.0,2025-06-06T10:00,515.473,661,643.719,5,27.6,51,13,16.1,10
730.0,2025-06-06T14:00,665.603,737,679.399,5,32.0,32,3,16.6,14
296.0,2025-06-07T08:00,262.932,264,276.282,5,23.6,69,64,14.6,8
854.0,2025-06-07T12:00,709.317,742,761.779,5,31.1,30,84,16.6,12
148.0,2025-06-07T17:00,362.098,105,141.236,5,30.5,34,100,16.9,17
72.0,2025-06-08T07:00,175.054,64,80.1708,5,21.4,80,44,19.6,7
789.0,2025-06-09T11:00,547.176,686.5,746.848,5,29.9,45,100,7.8,11
691.0,2025-06-09T14:00,580.962,766,747.413,5,32.7,34,82,4.2,14
355.0,2025-06-09T16:00,481.947,370.5,369.816,5,32.5,33,29,5.9,16
143.0,2025-06-09T17:00,373.517,215,162.279,5,31.4,35,72,10.8,17
298.0,2025-06-10T08:00,308.568,367.667,355.247,5,24.2,62,0,10.3,8
508.0,2025-06-10T09:00,446.232,433,568.395,5,26.4,54,0,11.9,9
842.0,2025-06-10T12:00,718.225,814.5,899.895,5,32.0,36,0,11.0,12
820.0,2025-06-10T13:00,708.232,946.667,872.928,5,32.8,32,88,10.7,13
381.0,2025-06-10T16:00,533.137,370.5,363.533,5,32.3,30,80,13.4,16
299.0,2025-06-11T08:00,225.121,259.5,290.411,5,23.6,72,46,11.1,8
164.0,2025-06-11T17:00,429.092,212.25,176.586,5,31.3,30,0,13.9,17
480.0,2025-06-12T09:00,421.285,450.667,471.539,5,26.0,61,10,15.6,9
660.0,2025-06-12T10:00,515.441,710.667,665.865,5,27.8,51,5,14.3,10
213.0,2025-06-13T08:00,312.332,293,267.196,5,23.4,71,29,21.9,8
386.0,2025-06-13T09:00,401.239,421.667,328.987,5,24.8,63,75,25.4,9
315.0,2025-06-13T16:00,256.909,277,183.519,5,27.6,51,32,26.9,16
214.0,2025-06-14T08:00,319.955,236.5,242.289,5,22.8,71,100,29.4,8
346.0,2025-06-14T11:00,337.989,307.75,341.439,5,24.9,60,100,30.0,11
433.0,2025-06-14T14:00,243.073,308,363.707,5,26.0,54,100,27.7,14
344.0,2025-06-15T13:00,273.647,428.75,429.694,5,26.3,53,100,21.7,13
461.0,2025-06-16T09:00,472.101,421.667,444.148,5,25.8,61,53,24.2,9
386.0,2025-06-16T10:00,401.83,432.667,434.59,5,25.9,59,100,22.3,10
307.0,2025-06-16T11:00,373.474,432.667,451.983,5,26.3,58,100,22.1,11
240.0,2025-06-17T08:00,305.879,212.25,201.091,5,23.4,72,71,22.7,8
336.0,2025-06-17T09:00,383.405,421.667,325.707,5,24.7,64,95,25.1,9
164.0,2025-06-17T16:00,95.0926,302.25,214.399,5,26.6,58,65,20.1,16
13.0,2025-06-18T07:00,90.407,74.6667,37.0371,5,21.3,85,100,14.3,7
275.0,2025-06-18T09:00,242.637,196,211.805,5,23.6,69,100,19.9,9
590.0,2025-06-18T11:00,485.468,428.75,551.88,5,27.2,47,97,22.9,11
482.0,2025-06-19T09:00,359.266,470,391.738,5,24.0,57,26,22.9,9
448.0,2025-06-19T13:00,409.679,395.25,458.868,5,27.8,43,75,20.4,13
194.0,2025-06-19T16:00,180.019,145.5,139.66,5,27.4,48,100,20.0,16
64.0,2025-06-19T17:00,73.8349,119,125.343,5,26.8,51,38,18.9,17
204.0,2025-06-20T08:00,317.264,188,178.514,5,23.4,73,53,24.0,8
57.0,2025-06-21T07:00,23.4967,82.3333,69.3125,5,20.4,85,66,12.8,7
822.0,2025-06-21T13:00,571.935,798.75,752.64,5,30.3,37,0,14.7,13
734.0,2025-06-21T14:00,547.893,662.333,652.954,5,30.7,36,0,15.0,14
537.0,2025-06-25T10:00,500.153,626.75,599.148,5,27.6,54,56,16.8,10
98.0,2025-06-25T17:00,307.139,162.333,142.049,5,30.1,42,23,15.3,17
333.0,2025-06-26T16:00,218.014,277,232.682,5,28.2,55,69,20.4,16
160.0,2025-06-27T08:00,145.685,154.5,176.488,5,21.9,75,79,17.6,8
460.0,2025-06-27T13:00,335.101,469.333,574.795,5,28.1,51,91,13.4,13
285.0,2025-06-28T16:00,216.873,277,243.232,5,28.1,54,15,19.2,16
488.0,2025-06-29T09:00,331.798,433,415.368,5,23.8,56,1,20.2,9
689.0,2025-06-29T11:00,468.19,482.667,635.552,5,26.9,49,48,22.9,11
161.0,2025-06-30T10:00,158.95,196,219.521,5,23.4,69,100,18.5,10
252.0,2025-06-30T14:00,200.31,308,342.603,5,26.8,56,81,16.8,14
